EmployeeID,Name,Gender,Age,Department,Designation,Education,Experience,JoiningDate,Salary,Location,MaritalStatus,PerformanceScore,Attrition
1001,Bhanumati Dhar,Female,26,IT,Executive,B.Com,4,2017-02-27,96377,Lucknow,Single,8,Yes
1002,Fariq Mitra,Male,54,Operations,Assistant,BBA,3,2016-09-13,127252,Bangalore,Single,8,No
1003,Warjas Basak,Male,52,Finance,Officer,B.Tech,13,2019-04-29,57123,Jaipur,Married,8,Yes
1004,Om Madan,Male,30,Marketing,Engineer,B.Tech,14,2024-11-23,133337,Mumbai,Married,7,Yes
1005,Bhavini Doctor,Female,56,Marketing,Engineer,MBA,8,2022-12-15,108816,Pune,Married,8,No
1006,Lila Dhar,Female,58,IT,Engineer,MCA,5,2018-03-06,68835,Delhi,Married,9,No
1007,Praneel Mani,Male,24,Finance,Engineer,B.Tech,2,2021-11-08,71501,Noida,Married,5,No
1008,Patrick Mody,Male,51,Sales,Executive,BBA,10,2025-08-23,127787,Bangalore,Single,2,No
1009,Falak Madan,Female,31,Marketing,Manager,BBA,9,2024-09-28,93789,Lucknow,Single,8,No
1010,Kevin Minhas,Male,24,IT,Manager,M.Tech,3,2019-03-24,136752,Mumbai,Single,5,Yes
1011,Anusha Panchal,Female,30,HR,Engineer,B.Tech,4,2017-11-18,57258,Mumbai,Single,9,No
1012,Edhitha Hayre,Female,37,IT,Analyst,M.Tech,12,2026-04-28,74679,Lucknow,Married,5,Yes
1013,Balvan Atwal,Male,30,Marketing,Officer,B.Com,0,2021-10-11,75865,Pune,Married,9,Yes
1014,Anvi Varughese,Female,26,Finance,Manager,B.Com,15,2021-12-27,144904,Pune,Married,3,Yes
1015,Tristan Mohan,Male,29,Operations,Manager,B.Tech,12,2020-01-27,53628,Delhi,Single,9,Yes
1016,Abhiram Ben,Male,35,HR,Officer,M.Tech,13,2019-08-13,33154,Lucknow,Single,1,Yes
1017,Ati Kibe,Female,43,Operations,Analyst,BBA,10,2025-05-13,44059,Jaipur,Married,8,Yes
1018,Maya Dhaliwal,Female,29,HR,Officer,MCA,4,2025-01-27,69338,Pune,Single,3,Yes
1019,Vyanjana Char,Female,29,HR,Engineer,BBA,17,2022-03-12,116689,Pune,Married,9,No
1020,Fariq Palla,Male,50,IT,Analyst,B.Tech,12,2023-08-18,75104,Pune,Married,5,Yes
1021,Hamsini Pillai,Female,52,IT,Analyst,MBA,4,2022-04-14,143364,Delhi,Single,7,Yes
1022,Chandresh Mody,Male,37,Finance,Executive,MBA,15,2017-04-12,123629,Mumbai,Single,5,No
1023,Januja Chanda,Female,32,Finance,Analyst,M.Tech,19,2019-08-28,139900,Jaipur,Married,2,Yes
1024,Mekhala Kala,Female,22,Operations,Assistant,B.Tech,15,2021-10-23,48790,Mumbai,Married,2,Yes
1025,Radhika Golla,Female,50,HR,Analyst,B.Com,15,2025-03-14,117842,Bangalore,Married,8,Yes
1026,Tristan Suri,Male,49,IT,Executive,M.Tech,16,2026-08-18,141145,Pune,Married,1,No
1027,Michael Pai,Male,60,Finance,Engineer,MCA,19,2026-07-10,57105,Lucknow,Single,5,No
1028,Tamanna Tata,Female,25,Finance,Officer,BBA,3,2023-01-06,83992,Bangalore,Single,10,Yes
1029,Wyatt Prabhakar,Male,35,Operations,Engineer,B.Com,14,2022-03-11,128259,Lucknow,Married,9,Yes
1030,Faraj Basu,Male,25,HR,Manager,B.Com,12,2019-03-25,92930,Lucknow,Single,10,No
1031,Agastya Tata,Male,44,Operations,Assistant,M.Tech,2,2020-12-21,100834,Noida,Single,6,Yes
1032,Janani Pathak,Female,42,Finance,Executive,MCA,2,2020-02-15,127068,Mumbai,Single,2,No
1033,Gautami Karnik,Female,41,Operations,Executive,B.Com,18,2024-10-25,103830,Mumbai,Single,9,No
1034,Vrinda Narang,Female,46,Sales,Assistant,B.Tech,18,2021-03-23,128945,Bangalore,Single,2,Yes
1035,Anika Gokhale,Female,30,Finance,Analyst,B.Com,4,2025-11-04,55203,Bangalore,Married,6,No
1036,Shivani Kapur,Female,26,Marketing,Executive,MBA,7,2024-08-05,65992,Jaipur,Married,1,No
1037,Naksh Bhandari,Male,43,Finance,Officer,BBA,13,2019-08-07,36377,Bangalore,Single,3,Yes
1038,Falak Sem,Female,41,IT,Manager,MBA,9,2022-05-03,118931,Bangalore,Single,10,Yes
1039,Mekhala Oak,Female,30,Sales,Engineer,MCA,14,2023-01-24,61027,Noida,Single,6,Yes
1040,Aryan Chakrabarti,Male,42,Finance,Officer,MBA,14,2019-10-08,82329,Pune,Married,8,No
1041,Arunima Narayan,Female,24,Finance,Executive,MCA,16,2023-06-16,95012,Bangalore,Married,8,Yes
1042,Ojas Edwin,Male,56,Finance,Officer,MBA,4,2024-06-28,77968,Lucknow,Married,8,No
1043,Suhani Acharya,Female,28,IT,Executive,B.Com,9,2022-04-07,26479,Bangalore,Single,7,Yes
1044,Madhav Mitter,Male,34,Sales,Manager,B.Tech,12,2017-12-27,62978,Delhi,Married,4,Yes
1045,Ekanta Chhabra,Female,56,HR,Manager,B.Tech,2,2020-05-03,108268,Mumbai,Married,3,No
1046,Aarav Sane,Male,43,Marketing,Executive,M.Tech,11,2026-08-04,110219,Jaipur,Married,2,Yes
1047,Naveen Padmanabhan,Male,53,Sales,Manager,MCA,8,2018-08-06,103421,Lucknow,Married,2,Yes
1048,Rudra Thakkar,Male,41,IT,Assistant,MBA,7,2024-02-26,113989,Bangalore,Married,1,Yes
1049,Aishani Date,Female,28,Marketing,Officer,B.Com,11,2020-04-30,83114,Mumbai,Single,8,No
1050,Forum Bhatnagar,Female,37,Operations,Assistant,MBA,1,2018-12-03,73764,Noida,Married,1,Yes
1051,Neelima Dayal,Female,50,Operations,Officer,MCA,1,2022-02-27,98369,Noida,Married,6,No
1052,Daksh Nanda,Male,58,Operations,Manager,MBA,5,2024-02-22,29240,Bangalore,Married,7,No
1053,Abeer Memon,Male,51,Finance,Manager,M.Tech,15,2024-02-16,61187,Pune,Married,6,No
1054,Chandran Gole,Male,60,Sales,Engineer,B.Com,19,2022-10-20,98730,Mumbai,Married,6,Yes
1055,Aradhana Yadav,Female,31,IT,Assistant,MCA,18,2019-03-12,124069,Pune,Single,5,No
1056,Bhavini Dixit,Female,52,HR,Engineer,BBA,16,2023-11-24,82329,Mumbai,Married,1,No
1057,Upasna Johal,Female,54,Marketing,Analyst,BBA,13,2017-02-11,123355,Pune,Single,5,No
1058,Matthew Bakshi,Male,57,Operations,Assistant,BBA,9,2022-12-05,40893,Bangalore,Married,9,No
1059,Kamala Ghosh,Female,28,HR,Analyst,MBA,6,2017-11-20,64435,Delhi,Single,10,No
1060,Udyati Bhargava,Female,54,IT,Assistant,BBA,2,2026-03-22,39778,Jaipur,Married,1,No
1061,Pranit Shankar,Male,58,HR,Analyst,B.Tech,18,2026-03-29,46400,Pune,Married,1,Yes
1062,Baljiwan Krishna,Male,35,Sales,Executive,BBA,20,2025-04-02,50465,Jaipur,Single,9,Yes
1063,Fariq Lanka,Male,34,Operations,Manager,B.Tech,2,2017-09-13,94053,Delhi,Married,5,No
1064,Azad Krishnan,Male,52,HR,Manager,B.Tech,14,2022-08-09,102334,Jaipur,Married,1,No
1065,Ijaya Rana,Female,29,HR,Executive,MBA,20,2017-11-25,35884,Lucknow,Married,7,Yes
1066,Ikbal Deshpande,Male,33,IT,Manager,MBA,4,2016-11-23,104358,Pune,Married,2,Yes
1067,Nathan Badal,Male,56,Finance,Engineer,BBA,13,2017-08-25,34096,Bangalore,Single,6,No
1068,Gabriel Sunder,Male,52,IT,Officer,BBA,13,2023-10-26,121262,Delhi,Single,3,No
1069,Chandran Murty,Male,35,HR,Executive,B.Tech,5,2025-12-25,43702,Lucknow,Single,6,Yes
1070,Adya Setty,Female,48,Marketing,Officer,MCA,0,2023-03-06,149126,Lucknow,Married,10,Yes
1071,Hemal Doshi,Female,29,Sales,Engineer,M.Tech,12,2018-03-22,105217,Jaipur,Married,2,Yes
1072,Vanya Gera,Female,49,Marketing,Analyst,BBA,0,2021-11-24,56387,Delhi,Married,6,No
1073,Wakeeta Garg,Female,31,IT,Assistant,MBA,13,2024-06-01,89559,Lucknow,Married,3,No
1074,Indrajit Wali,Male,54,Sales,Engineer,BBA,5,2020-03-02,46009,Bangalore,Married,5,Yes
1075,Libni Mahal,Female,53,Sales,Manager,B.Tech,0,2024-04-20,70971,Mumbai,Single,2,Yes
1076,Jalsa Chakraborty,Female,25,Finance,Officer,MBA,18,2018-04-15,144977,Delhi,Married,5,No
1077,Anita Tella,Female,42,IT,Manager,MBA,20,2021-11-28,140491,Mumbai,Married,3,No
1078,Oeshi Konda,Female,59,HR,Manager,MCA,11,2025-09-29,48597,Jaipur,Married,9,Yes
1079,Samarth Kala,Male,59,HR,Analyst,BBA,9,2020-04-03,47920,Delhi,Married,9,No
1080,Ganga Apte,Female,48,Operations,Analyst,B.Com,1,2021-04-05,36110,Mumbai,Single,1,Yes
1081,Waida Mane,Female,24,Finance,Analyst,B.Com,1,2018-07-05,77018,Bangalore,Single,3,Yes
1082,Jeevika Reddy,Female,59,Marketing,Officer,MCA,9,2024-05-12,99328,Mumbai,Married,7,Yes
1083,Bahadurjit Balakrishnan,Male,31,Marketing,Analyst,MCA,17,2023-11-14,117175,Jaipur,Single,7,Yes
1084,Qabil Pradhan,Male,37,Operations,Executive,M.Tech,7,2025-11-22,97014,Noida,Single,1,Yes
1085,Gautami Ravi,Female,48,Finance,Manager,M.Tech,6,2019-07-26,29818,Bangalore,Married,6,Yes
1086,Lopa Narasimhan,Female,60,IT,Manager,MCA,6,2023-02-20,140921,Bangalore,Married,1,Yes
1087,Hritik Hayre,Male,24,Sales,Engineer,BBA,4,2021-05-08,41080,Jaipur,Single,1,Yes
1088,Michael Suri,Male,38,Finance,Executive,MBA,12,2026-06-05,112076,Bangalore,Married,7,No
1089,Alka Solanki,Female,46,HR,Officer,MCA,9,2026-01-09,52964,Lucknow,Married,3,Yes
1090,Dhriti Basu,Female,51,Finance,Manager,MCA,4,2024-08-01,106491,Pune,Single,5,No
1091,Chaitaly Sood,Female,46,Marketing,Executive,B.Com,12,2025-07-30,108088,Lucknow,Single,4,Yes
1092,Jai Madan,Male,27,HR,Executive,BBA,15,2016-10-30,47998,Mumbai,Married,9,Yes
1093,Victor Vig,Male,53,Marketing,Officer,M.Tech,18,2024-06-19,40049,Mumbai,Married,3,Yes
1094,Krishna Jaggi,Male,35,HR,Engineer,BBA,6,2016-10-26,100476,Lucknow,Married,7,No
1095,Chandran Bobal,Male,56,Finance,Executive,MBA,20,2025-06-27,61480,Mumbai,Married,4,Yes
1096,Ojasvi Wagle,Female,31,Finance,Executive,B.Com,18,2017-07-25,39908,Mumbai,Single,9,No
1097,Ridhi Sarin,Female,29,Sales,Manager,B.Tech,20,2021-09-06,132242,Noida,Married,3,No
1098,Rajeshri Som,Female,59,Operations,Officer,MBA,8,2021-04-25,93529,Lucknow,Married,3,No
1099,Darsh Sha,Male,34,Operations,Engineer,MBA,3,2020-08-25,89100,Lucknow,Single,3,Yes
1100,Tristan Pingle,Male,35,IT,Executive,BBA,19,2026-06-17,95246,Delhi,Married,8,Yes
1101,Isaac Lanka,Male,49,IT,Analyst,B.Tech,7,2026-02-20,130489,Jaipur,Single,7,No
1102,Jairaj Modi,Male,29,IT,Manager,BBA,9,2018-04-21,113604,Jaipur,Married,2,Yes
1103,Amara Samra,Female,44,Operations,Manager,M.Tech,5,2023-11-18,49275,Noida,Single,5,Yes
1104,Isaac Bahl,Male,44,Sales,Assistant,BBA,6,2019-07-21,45288,Mumbai,Single,5,No
1105,Omya Pillai,Female,37,IT,Engineer,MBA,7,2023-08-16,129431,Bangalore,Married,9,Yes
1106,Patrick Dara,Male,22,Finance,Assistant,B.Com,10,2022-08-27,83924,Lucknow,Married,1,Yes
1107,Vrishti Chokshi,Female,54,Operations,Assistant,BBA,17,2018-01-25,115063,Pune,Single,9,Yes
1108,Champak Shankar,Male,49,Sales,Engineer,MCA,7,2022-06-11,49942,Mumbai,Single,10,Yes
1109,Fiyaz Sood,Male,24,Operations,Analyst,B.Com,10,2016-10-15,34202,Bangalore,Single,7,No
1110,Saumya Reddy,Female,36,Operations,Assistant,B.Tech,3,2020-04-11,63411,Jaipur,Married,8,No
1111,Unnati Pillai,Female,29,Marketing,Analyst,BBA,4,2017-12-06,117679,Pune,Single,9,No
1112,Faras Dayal,Male,48,Sales,Analyst,MCA,8,2022-10-13,25877,Pune,Single,7,No
1113,Ekavir Behl,Male,47,IT,Manager,B.Tech,8,2018-12-05,93907,Noida,Married,10,No
1114,Laban Sharaf,Male,35,HR,Manager,M.Tech,7,2020-08-03,76264,Delhi,Married,3,Yes
1115,Ikbal Sanghvi,Male,36,Finance,Assistant,M.Tech,3,2021-12-11,61789,Bangalore,Married,2,No
1116,Warhi Pant,Female,41,IT,Manager,MCA,18,2017-09-01,27465,Lucknow,Single,4,No
1117,Oliver Chatterjee,Male,24,HR,Assistant,BBA,14,2017-03-17,85454,Lucknow,Married,7,No
1118,Mohini Hayer,Female,24,Marketing,Officer,MBA,13,2025-11-22,120328,Pune,Single,1,Yes
1119,Kritika Rau,Female,34,Sales,Officer,B.Tech,20,2024-01-15,139300,Mumbai,Single,1,Yes
1120,Ayushman Dara,Male,56,IT,Analyst,BBA,18,2022-09-05,102407,Pune,Single,5,No
1121,Unni Doshi,Female,50,Finance,Analyst,BBA,15,2025-12-26,148287,Bangalore,Single,3,Yes
1122,Pratyush Dugar,Male,48,Finance,Executive,MCA,20,2023-03-04,87119,Pune,Single,6,No
1123,Samarth Purohit,Male,41,Operations,Manager,BBA,20,2022-12-19,48251,Lucknow,Married,1,No
1124,Yutika Bandi,Female,29,IT,Manager,BBA,14,2016-12-06,97345,Jaipur,Single,1,Yes
1125,Yashica Balay,Female,53,Sales,Analyst,BBA,7,2021-08-05,95691,Bangalore,Single,2,No
1126,Neelima Prasad,Female,23,Marketing,Analyst,MBA,5,2023-02-09,145800,Noida,Married,4,No
1127,Bhavna Boase,Female,27,Sales,Manager,MCA,1,2022-08-11,138641,Jaipur,Married,1,No
1128,Omkaar Prashad,Male,59,Finance,Assistant,B.Tech,5,2024-11-15,102386,Pune,Single,8,Yes
1129,Aarnav Pandya,Male,35,Operations,Officer,MBA,6,2021-11-09,128086,Lucknow,Single,8,No
1130,Omkaar Sha,Male,60,Operations,Engineer,MBA,16,2019-03-14,80829,Noida,Single,10,Yes
1131,Samuel Mall,Male,40,HR,Assistant,B.Tech,17,2018-03-24,27952,Lucknow,Married,2,No
1132,Naksh Keer,Male,42,Sales,Analyst,MBA,20,2026-06-09,35632,Bangalore,Single,1,Yes
1133,Krish Khare,Male,45,Marketing,Assistant,M.Tech,3,2022-06-02,131614,Lucknow,Married,4,No
1134,Dominic Atwal,Male,44,HR,Analyst,MBA,19,2018-11-05,142201,Noida,Single,1,No
1135,Yadavi Shenoy,Female,45,HR,Analyst,M.Tech,8,2020-06-26,51391,Delhi,Single,5,No
1136,Pavani Uppal,Female,25,Marketing,Manager,B.Tech,1,2022-11-16,115928,Lucknow,Married,2,No
1137,Ikbal Jani,Male,60,Marketing,Engineer,M.Tech,12,2020-10-13,80954,Mumbai,Married,1,Yes
1138,Balvan Sachar,Male,22,Finance,Officer,M.Tech,15,2023-12-09,140043,Jaipur,Single,2,Yes
1139,Ekanta Vohra,Female,29,HR,Executive,BBA,0,2018-08-04,88410,Mumbai,Married,10,Yes
1140,Manya Sule,Female,28,Marketing,Analyst,B.Tech,8,2020-09-14,126434,Delhi,Married,1,No
1141,Sathvik Gala,Male,54,HR,Analyst,MBA,14,2023-02-07,44647,Bangalore,Married,8,Yes
1142,Qabil Pandit,Male,60,Sales,Analyst,MBA,7,2023-08-06,130341,Bangalore,Married,10,No
1143,Jack Gara,Male,47,Sales,Assistant,BBA,19,2019-02-04,74496,Jaipur,Married,8,No
1144,Dev Shroff,Male,24,HR,Assistant,MBA,3,2019-07-28,58189,Lucknow,Single,5,Yes
1145,Dalaja Jayaraman,Female,30,Finance,Analyst,B.Com,12,2021-02-14,92649,Bangalore,Married,9,No
1146,Tristan Venkatesh,Male,41,HR,Engineer,M.Tech,19,2025-01-09,119978,Noida,Single,9,Yes
1147,Chanakya Borah,Male,50,HR,Assistant,MCA,13,2019-12-15,72389,Bangalore,Single,5,No
1148,Mekhala Desai,Female,42,Operations,Engineer,M.Tech,11,2025-01-05,70912,Pune,Married,6,No
1149,Nikita Anand,Female,45,Finance,Officer,B.Tech,3,2025-06-11,145615,Pune,Married,8,Yes
1150,Reyansh Pai,Male,28,HR,Executive,M.Tech,2,2020-01-09,137813,Pune,Single,10,Yes
1151,Lekha Sibal,Female,53,Marketing,Manager,B.Com,20,2017-09-09,127850,Lucknow,Single,10,No
1152,Varenya Kaur,Female,44,Finance,Executive,B.Tech,19,2019-09-30,136909,Noida,Single,4,No
1153,Advika Batra,Female,56,Sales,Manager,B.Com,18,2019-06-18,64451,Lucknow,Single,6,No
1154,Yug Tella,Male,58,IT,Officer,B.Tech,5,2019-09-28,127368,Pune,Single,8,No
1155,Kashish Sridhar,Female,30,Sales,Assistant,MCA,11,2023-08-20,144349,Jaipur,Single,2,Yes
1156,Karan Uppal,Male,31,Finance,Analyst,MCA,13,2019-11-19,52955,Lucknow,Single,4,No
1157,Omkaar Bera,Male,39,Sales,Engineer,M.Tech,16,2019-07-07,148581,Noida,Single,5,No
1158,Indali Tank,Female,60,HR,Executive,MBA,8,2017-02-26,98524,Bangalore,Married,3,Yes
1159,Aradhana Mall,Female,59,Marketing,Assistant,B.Com,11,2024-03-08,99450,Lucknow,Single,8,Yes
1160,Eta Bhatnagar,Female,22,Marketing,Assistant,MBA,4,2023-01-10,39709,Lucknow,Single,8,Yes
1161,Yamini Balan,Female,59,Sales,Executive,M.Tech,5,2018-07-11,118848,Bangalore,Single,2,Yes
1162,Gautam Dani,Male,27,HR,Analyst,M.Tech,7,2022-11-11,34985,Noida,Single,9,No
1163,Yadavi Dar,Female,22,HR,Analyst,MCA,9,2023-07-19,131360,Mumbai,Married,7,No
1164,Samarth Nayak,Male,23,Operations,Engineer,MCA,2,2025-09-27,90031,Pune,Married,2,No
1165,Urmi Lad,Female,32,IT,Executive,MBA,11,2022-09-15,53556,Lucknow,Married,4,No
1166,Yutika Keer,Female,34,Marketing,Assistant,B.Com,4,2019-04-19,115153,Jaipur,Single,6,No
1167,Ishita Viswanathan,Female,22,Sales,Engineer,MBA,6,2022-08-02,41796,Lucknow,Single,5,No
1168,Ikshita Bhalla,Female,56,Operations,Officer,B.Tech,9,2025-04-28,113351,Mumbai,Married,4,No
1169,Leela Iyer,Female,44,Operations,Assistant,B.Tech,5,2025-01-30,109004,Mumbai,Married,9,Yes
1170,Girindra Issac,Male,60,Marketing,Manager,MCA,14,2018-11-15,91788,Pune,Single,4,Yes
1171,Jagdish Parikh,Male,48,Operations,Assistant,B.Com,12,2019-04-08,92121,Jaipur,Single,8,No
1172,Hemal Thaker,Female,31,HR,Executive,BBA,1,2025-02-16,75132,Bangalore,Married,10,No
1173,Hemal Ganguly,Female,22,Sales,Executive,MCA,2,2024-06-09,126000,Noida,Single,1,Yes
1174,Rajata Butala,Female,27,Sales,Executive,B.Com,3,2020-04-16,141019,Lucknow,Married,9,No
1175,Gaurang Sharaf,Male,22,IT,Analyst,BBA,14,2018-06-17,135160,Delhi,Married,3,Yes
1176,Krishna Prakash,Female,38,Marketing,Analyst,M.Tech,16,2021-04-14,106503,Bangalore,Single,8,No
1177,Upma Dhawan,Female,25,HR,Executive,B.Com,20,2021-07-10,126911,Delhi,Single,8,Yes
1178,Finn Sane,Male,48,Marketing,Engineer,MBA,8,2024-10-17,45724,Lucknow,Single,3,Yes
1179,Falak Baria,Female,27,Marketing,Manager,MCA,9,2024-08-06,144156,Pune,Married,4,Yes
1180,Yoshita Balasubramanian,Female,49,Marketing,Assistant,BBA,14,2025-09-15,128316,Jaipur,Single,3,Yes
1181,Anmol Kamdar,Male,53,Marketing,Analyst,M.Tech,7,2022-10-15,122804,Noida,Single,4,Yes
1182,Hardik Mutti,Male,32,Finance,Engineer,MCA,8,2025-01-19,120677,Bangalore,Single,9,No
1183,Aarna Mandal,Female,40,IT,Officer,BBA,8,2018-11-13,75728,Delhi,Married,8,No
1184,Ucchal Sidhu,Female,46,Marketing,Engineer,BBA,18,2020-04-22,139941,Bangalore,Single,6,No
1185,Ryan Dey,Male,22,IT,Engineer,B.Com,9,2021-12-25,137395,Pune,Single,7,No
1186,Mekhala Memon,Female,57,Marketing,Executive,M.Tech,13,2025-09-14,96055,Noida,Married,1,Yes
1187,Raagini Varma,Female,36,IT,Engineer,BBA,3,2024-05-14,44866,Pune,Married,4,No
1188,Harita Keer,Female,53,Sales,Manager,B.Com,19,2025-06-30,49197,Delhi,Single,7,Yes
1189,Dayamai Mohan,Female,33,IT,Officer,B.Tech,15,2018-11-27,85378,Delhi,Married,2,Yes
1190,Manbir Tak,Male,32,IT,Officer,MBA,0,2026-03-09,81186,Pune,Married,3,No
1191,Dalaja Dubey,Female,56,IT,Manager,BBA,5,2022-10-06,49035,Mumbai,Single,10,No
1192,Jagvi Vyas,Female,22,Operations,Executive,B.Com,10,2020-01-13,78129,Noida,Single,4,No
1193,Tara Toor,Female,47,Operations,Officer,B.Com,5,2023-01-08,89267,Mumbai,Married,5,No
1194,Arya Kapur,Female,39,Operations,Executive,B.Com,8,2017-03-01,117124,Bangalore,Married,10,Yes
1195,Avi Nagy,Male,27,Operations,Analyst,MCA,4,2025-09-05,74145,Jaipur,Married,9,No
1196,Jhalak Anand,Female,37,Finance,Officer,B.Com,17,2019-12-09,48331,Bangalore,Married,10,No
1197,Falan Sampath,Male,55,IT,Manager,MCA,19,2020-05-20,113574,Jaipur,Single,5,Yes
1198,Vedhika Banerjee,Female,47,Finance,Assistant,B.Com,13,2021-08-23,103918,Mumbai,Single,5,Yes
1199,Chandran Dutta,Male,36,Sales,Assistant,MBA,4,2024-08-16,97580,Noida,Single,6,Yes
1200,Teerth Walia,Male,35,HR,Officer,MCA,8,2023-01-04,85796,Delhi,Single,4,No
1201,Brinda Sem,Female,40,Operations,Executive,BBA,17,2016-12-03,97540,Mumbai,Single,3,No
1202,Kamala Bava,Female,46,Marketing,Executive,MBA,16,2026-03-04,142022,Pune,Married,9,No
1203,Michael Purohit,Male,45,HR,Analyst,B.Tech,17,2018-11-19,87736,Lucknow,Married,8,Yes
1204,Gaurav Bhasin,Male,28,HR,Officer,BBA,0,2019-03-15,101311,Pune,Married,9,No
1205,Qushi Toor,Female,43,Finance,Officer,M.Tech,10,2016-10-08,99689,Delhi,Single,7,No
1206,Darsh Gera,Male,44,Sales,Analyst,M.Tech,3,2023-02-06,61004,Lucknow,Single,3,No
1207,Pavani Kapur,Female,49,Sales,Assistant,BBA,17,2017-12-24,79370,Noida,Single,7,Yes
1208,Wahab Lata,Male,51,HR,Executive,B.Tech,15,2017-02-16,81646,Jaipur,Single,3,Yes
1209,Madhavi Solanki,Female,56,HR,Executive,M.Tech,9,2025-05-12,88425,Delhi,Single,1,No
1210,Gautam Bedi,Male,46,Marketing,Engineer,M.Tech,14,2022-02-02,105641,Bangalore,Single,9,No
1211,Neha Bora,Female,24,Finance,Executive,MBA,1,2019-09-10,46892,Bangalore,Single,5,No
1212,Henry Ravi,Male,40,Finance,Engineer,M.Tech,14,2018-11-14,48586,Delhi,Single,2,No
1213,Ekta Kari,Female,60,Marketing,Officer,B.Tech,17,2018-06-26,117270,Noida,Married,8,No
1214,Wakeeta Ratti,Female,36,Operations,Engineer,MBA,14,2021-10-24,77523,Jaipur,Married,2,Yes
1215,Elijah Wali,Male,49,Sales,Analyst,MBA,15,2023-01-15,43138,Jaipur,Single,2,No
1216,Chavvi Varkey,Female,27,Finance,Analyst,MCA,14,2024-06-22,57155,Noida,Single,5,Yes
1217,Karan Bala,Male,58,IT,Engineer,M.Tech,1,2020-02-04,27624,Jaipur,Single,4,Yes
1218,Mitesh Saraf,Male,42,Marketing,Manager,M.Tech,19,2020-04-14,108698,Lucknow,Married,1,Yes
1219,Amrita Garde,Female,50,Marketing,Engineer,BBA,0,2020-07-10,120381,Noida,Married,8,No
1220,Oviya Dalal,Female,26,Sales,Executive,M.Tech,14,2025-04-03,130285,Delhi,Single,10,Yes
1221,Qasim De,Male,40,IT,Analyst,MCA,4,2017-06-14,57089,Delhi,Single,6,No
1222,Waida Keer,Female,48,IT,Engineer,MBA,18,2018-01-16,63209,Mumbai,Married,7,Yes
1223,Frado Randhawa,Male,52,HR,Assistant,BBA,19,2021-07-14,66827,Bangalore,Married,9,Yes
1224,Chameli Deo,Female,51,Operations,Assistant,B.Com,4,2022-10-25,30063,Delhi,Single,4,No
1225,Azad Suresh,Male,41,IT,Executive,M.Tech,0,2022-01-05,92838,Noida,Married,8,Yes
1226,Keya Nadkarni,Female,48,Marketing,Manager,B.Com,9,2026-08-12,105850,Jaipur,Married,9,No
1227,Charita Mittal,Female,49,Finance,Engineer,MBA,9,2019-06-03,57088,Lucknow,Single,9,Yes
1228,Samesh Joshi,Male,24,Operations,Executive,B.Tech,2,2021-11-24,60196,Noida,Married,8,No
1229,Nirja Kurian,Female,27,Sales,Executive,B.Tech,7,2018-09-22,37889,Delhi,Single,10,No
1230,Dhriti Sahni,Female,34,HR,Assistant,B.Tech,3,2021-10-16,100883,Jaipur,Married,6,Yes
1231,Anirudh Dave,Male,45,HR,Assistant,BBA,8,2024-09-16,74780,Jaipur,Single,9,Yes
1232,Vrinda Mishra,Female,25,Finance,Analyst,B.Com,14,2019-09-24,93973,Lucknow,Married,9,Yes
1233,Krishna Puri,Male,51,Operations,Analyst,B.Tech,0,2026-02-09,104921,Delhi,Single,5,Yes
1234,Osha Narang,Female,59,Marketing,Officer,BBA,9,2023-06-12,56667,Lucknow,Married,1,No
1235,Madhavi Din,Female,22,Marketing,Engineer,MCA,8,2018-06-06,120790,Mumbai,Single,10,Yes
1236,Oeshi Pathak,Female,37,Operations,Analyst,M.Tech,6,2024-01-01,63246,Noida,Married,2,No
1237,Keya Balan,Female,41,Operations,Executive,MBA,8,2026-01-01,87764,Noida,Married,10,No
1238,Pushti Kulkarni,Female,45,Operations,Assistant,B.Com,7,2020-12-13,60929,Jaipur,Single,6,Yes
1239,Kashish Agarwal,Female,56,HR,Officer,B.Com,18,2023-08-20,30146,Jaipur,Single,3,Yes
1240,Priya Nazareth,Female,29,Operations,Manager,MBA,0,2020-07-26,97174,Bangalore,Single,5,Yes
1241,Rayaan Kamdar,Male,53,IT,Executive,MCA,9,2018-12-16,64739,Mumbai,Single,6,No
1242,Upadhriti Bhandari,Female,38,Sales,Officer,M.Tech,14,2021-05-26,26704,Pune,Married,3,Yes
1243,Madhavi Banerjee,Female,58,Sales,Analyst,BBA,12,2024-04-28,105759,Pune,Single,5,Yes
1244,Warda Rao,Female,46,Finance,Executive,MCA,7,2022-09-19,92696,Pune,Single,3,Yes
1245,Tejas Suresh,Male,35,IT,Analyst,B.Tech,3,2019-02-25,54394,Pune,Married,6,No
1246,Nakul Narayan,Male,28,IT,Engineer,M.Tech,10,2017-10-20,38891,Noida,Married,3,No
1247,Omkaar Chahal,Male,26,IT,Officer,BBA,13,2022-03-29,115257,Delhi,Single,4,No
1248,Idika Nadig,Female,34,Marketing,Officer,MBA,17,2016-12-10,94352,Jaipur,Single,4,No
1249,Fiyaz Jain,Male,42,HR,Engineer,MBA,2,2020-03-18,50087,Lucknow,Single,1,Yes
1250,Reva Naidu,Female,60,Operations,Analyst,MCA,10,2016-09-25,114794,Jaipur,Married,2,No
1251,Tanish Borra,Male,47,Operations,Manager,BBA,3,2019-06-30,143341,Pune,Single,4,No
1252,Jonathan Saran,Male,46,IT,Analyst,MBA,0,2022-10-04,104929,Delhi,Single,10,No
1253,Wridesh Datta,Male,26,Operations,Engineer,MBA,17,2017-01-06,67490,Jaipur,Married,6,No
1254,Ekansh Brahmbhatt,Male,43,HR,Manager,MCA,20,2025-06-23,87180,Jaipur,Single,1,Yes
1255,Anamika Mohan,Female,43,Operations,Officer,B.Com,4,2018-11-06,34982,Lucknow,Married,6,Yes
1256,Charan Padmanabhan,Male,34,Finance,Engineer,MBA,3,2024-03-15,59915,Jaipur,Single,2,No
1257,Rushil Roy,Male,23,Operations,Engineer,BBA,2,2025-04-22,92367,Mumbai,Single,6,Yes
1258,Leena Pai,Female,37,Marketing,Executive,B.Com,5,2017-09-10,48814,Pune,Single,4,Yes
1259,Nidra Chada,Female,36,Marketing,Manager,MBA,11,2022-01-29,147754,Jaipur,Married,2,Yes
1260,Ayaan Dutta,Male,41,Marketing,Manager,M.Tech,2,2020-03-29,51770,Delhi,Single,6,Yes
1261,Chanakya Barman,Male,41,HR,Analyst,BBA,20,2021-02-02,49371,Lucknow,Married,6,No
1262,Madhav Shanker,Male,26,Finance,Engineer,MBA,16,2017-09-09,126168,Pune,Single,7,No
1263,Urmi Amble,Female,31,IT,Officer,MCA,20,2019-10-27,73362,Jaipur,Married,3,No
1264,Pallavi Din,Female,30,Marketing,Analyst,BBA,1,2020-09-26,65467,Delhi,Married,1,Yes
1265,Reva Dada,Female,38,Operations,Assistant,B.Com,1,2017-11-17,93944,Mumbai,Single,1,Yes
1266,Tanmayi Varty,Female,40,Marketing,Executive,B.Tech,8,2022-10-02,71905,Noida,Married,10,Yes
1267,Yamini Prakash,Female,26,Marketing,Executive,B.Tech,1,2019-06-03,38283,Pune,Married,1,No
1268,Gautami Dhingra,Female,28,Marketing,Engineer,B.Tech,15,2023-10-02,60673,Noida,Single,6,Yes
1269,Aarush Dubey,Male,42,HR,Analyst,M.Tech,14,2021-08-16,80813,Noida,Married,4,Yes
1270,Nimrat Vasa,Female,49,Finance,Officer,MBA,3,2020-12-13,52977,Jaipur,Married,4,Yes
1271,Amaira Natt,Female,22,Sales,Manager,M.Tech,12,2023-12-08,35097,Pune,Single,6,Yes
1272,Jeevika Parikh,Female,52,Marketing,Analyst,B.Com,12,2020-01-25,105372,Mumbai,Married,4,No
1273,Bhavika Sathe,Female,29,Operations,Analyst,M.Tech,18,2024-08-12,87814,Mumbai,Single,5,No
1274,Ira Sarna,Female,44,Marketing,Manager,M.Tech,13,2019-04-08,48921,Jaipur,Single,3,Yes
1275,Azad Murthy,Male,28,HR,Executive,B.Tech,7,2019-10-04,61500,Noida,Married,1,Yes
1276,Girish Anand,Male,22,IT,Executive,BBA,2,2016-12-22,126543,Jaipur,Married,5,Yes
1277,Devansh Jha,Male,42,HR,Officer,B.Com,14,2026-02-09,54428,Mumbai,Single,1,Yes
1278,Nicholas Kapur,Male,50,HR,Manager,BBA,17,2018-01-24,40371,Noida,Single,3,No
1279,Ranveer Aggarwal,Male,56,Finance,Assistant,MBA,14,2022-01-15,59037,Noida,Single,6,No
1280,Vivaan Sami,Male,55,Operations,Analyst,BBA,20,2022-09-16,71839,Bangalore,Married,10,Yes
1281,Sara Gopal,Female,50,IT,Manager,MCA,11,2024-07-10,122319,Lucknow,Married,6,No
1282,Krish Trivedi,Male,31,IT,Engineer,B.Com,18,2026-01-25,105391,Pune,Single,6,No
1283,Yutika Kale,Female,48,Sales,Engineer,B.Tech,17,2024-07-17,31822,Pune,Single,5,No
1284,Ubika Gera,Female,58,Operations,Manager,BBA,15,2024-03-15,63966,Jaipur,Married,4,Yes
1285,Ayush Ravel,Male,31,Operations,Manager,B.Tech,9,2022-10-19,118037,Bangalore,Married,10,No
1286,Ryan Dhingra,Male,38,Finance,Manager,MBA,13,2020-10-16,131310,Pune,Married,5,Yes
1287,Karan Walla,Male,28,HR,Engineer,BBA,2,2018-04-05,136814,Bangalore,Married,10,No
1288,Owen Kohli,Male,29,IT,Assistant,B.Com,20,2021-10-04,33419,Lucknow,Single,10,Yes
1289,Indira Murty,Female,22,HR,Analyst,MCA,8,2022-06-06,53587,Noida,Married,3,No
1290,Aachal Savant,Female,38,Operations,Officer,BBA,13,2026-02-08,29178,Jaipur,Single,10,Yes
1291,Laban Atwal,Male,41,Marketing,Engineer,B.Com,10,2017-07-02,71362,Mumbai,Married,5,No
1292,Charan Pant,Male,50,IT,Officer,MBA,1,2017-12-11,98536,Lucknow,Single,1,No
1293,Nicholas Rajan,Male,45,Marketing,Analyst,MBA,4,2020-02-07,26365,Mumbai,Single,3,Yes
1294,Amruta Madan,Female,25,Marketing,Executive,BBA,1,2016-11-11,102255,Bangalore,Single,6,Yes
1295,Nicholas Walla,Male,25,Sales,Executive,MBA,10,2024-12-20,140791,Lucknow,Single,2,Yes
1296,Manthan Solanki,Male,27,Sales,Executive,MCA,4,2026-07-02,53393,Pune,Single,7,No
1297,Victor Halder,Male,40,HR,Analyst,M.Tech,16,2018-03-18,41152,Mumbai,Single,4,No
1298,David Soman,Male,35,Operations,Officer,B.Tech,1,2021-02-27,115267,Delhi,Married,4,Yes
1299,Sai Kata,Female,59,Marketing,Officer,MBA,7,2019-05-24,72024,Mumbai,Single,8,No
1300,Jeet Minhas,Male,22,HR,Manager,MBA,11,2022-07-11,34924,Mumbai,Single,10,No
1301,Nathan Samra,Male,49,Marketing,Officer,B.Tech,17,2017-10-31,112926,Lucknow,Married,8,No
1302,Nidra Kata,Female,37,IT,Manager,BBA,5,2023-06-15,113114,Bangalore,Single,6,Yes
1303,Rishi Murthy,Male,27,Marketing,Manager,MBA,0,2026-01-13,25386,Bangalore,Single,1,Yes
1304,Sanaya Wadhwa,Female,31,Sales,Manager,B.Com,18,2022-04-27,75214,Lucknow,Single,8,No
1305,Laban Vala,Male,54,Sales,Executive,BBA,13,2021-07-27,110759,Lucknow,Single,10,Yes
1306,Tanmayi Rai,Female,59,Marketing,Assistant,MBA,12,2023-03-04,76401,Delhi,Single,9,Yes
1307,Vedhika Loke,Female,40,Marketing,Manager,M.Tech,4,2021-02-24,50038,Jaipur,Single,1,No
1308,Sanaya Chaudry,Female,55,Marketing,Officer,B.Com,5,2017-03-03,95237,Bangalore,Single,6,Yes
1309,Yashodhara Khosla,Female,39,Operations,Executive,B.Tech,16,2025-08-26,30051,Pune,Married,8,No
1310,Veer Konda,Male,51,IT,Engineer,MCA,17,2018-05-03,40180,Bangalore,Married,7,No
1311,Lucky Sawhney,Male,39,Sales,Officer,MCA,16,2021-06-20,47001,Bangalore,Single,8,No
1312,Matthew Kalita,Male,34,IT,Manager,B.Com,17,2018-10-23,103353,Bangalore,Single,1,Yes
1313,Krisha Rastogi,Female,53,Marketing,Assistant,M.Tech,14,2025-04-15,133852,Lucknow,Single,2,Yes
1314,Tamanna D’Alia,Female,55,IT,Assistant,B.Com,15,2020-11-29,79851,Delhi,Married,2,No
1315,Rehaan Walia,Male,29,Finance,Analyst,B.Tech,6,2023-12-06,101650,Mumbai,Married,3,No
1316,Veda Dass,Female,59,Finance,Manager,B.Com,2,2025-04-22,93113,Mumbai,Single,1,No
1317,Anthony Andra,Male,27,HR,Manager,M.Tech,5,2019-12-31,147937,Delhi,Married,2,No
1318,Harita Samra,Female,25,HR,Assistant,M.Tech,16,2022-08-12,109086,Pune,Single,3,Yes
1319,Sathvik Pathak,Male,49,Sales,Officer,M.Tech,14,2020-06-22,136157,Pune,Single,6,Yes
1320,Damyanti Dhar,Female,60,HR,Officer,MBA,1,2020-01-29,37455,Delhi,Single,1,No
1321,Dayamai Kale,Female,24,HR,Engineer,MBA,20,2020-12-24,37425,Jaipur,Married,5,No
1322,Jacob Puri,Male,58,Sales,Executive,BBA,0,2019-01-18,140930,Bangalore,Married,5,Yes
1323,Barkha Chaudhry,Female,26,Sales,Assistant,B.Tech,11,2021-11-06,90953,Mumbai,Married,1,No
1324,Ganga Sankaran,Female,48,Sales,Engineer,MCA,15,2020-03-06,25209,Delhi,Single,5,No
1325,Aryan Vasa,Male,35,Operations,Analyst,BBA,5,2019-06-04,134779,Noida,Married,6,No
1326,Isaiah Gera,Male,59,IT,Officer,B.Com,5,2026-07-26,127843,Lucknow,Married,8,Yes
1327,Aachal Taneja,Female,41,Operations,Executive,BBA,6,2024-02-05,31624,Mumbai,Married,4,No
1328,Meera Raju,Female,40,IT,Executive,M.Tech,2,2022-11-19,66179,Bangalore,Single,6,Yes
1329,Pahal Chada,Female,58,Finance,Manager,BBA,1,2017-04-11,106296,Lucknow,Single,4,No
1330,Samesh Goda,Male,56,Sales,Assistant,MCA,20,2024-11-18,121937,Jaipur,Married,9,No
1331,Radhika Lal,Female,37,Finance,Executive,BBA,7,2023-10-03,29913,Lucknow,Married,10,No
1332,Divya Brahmbhatt,Female,57,Sales,Manager,B.Com,8,2020-04-05,64627,Bangalore,Married,4,No
1333,Mahika Chawla,Female,42,Marketing,Manager,B.Tech,9,2021-03-31,78330,Bangalore,Married,5,No
1334,Oscar Butala,Male,33,Marketing,Executive,B.Tech,2,2022-08-11,117660,Noida,Single,10,No
1335,Nakul Memon,Male,31,HR,Officer,M.Tech,18,2024-12-19,147315,Jaipur,Married,7,No
1336,Ekalinga Chand,Male,24,Sales,Engineer,M.Tech,10,2026-04-20,70855,Bangalore,Single,9,No
1337,Matthew Keer,Male,54,Sales,Manager,B.Tech,11,2016-11-12,148633,Delhi,Single,4,Yes
1338,Harinakshi Pingle,Female,23,Finance,Officer,B.Tech,11,2018-03-16,48270,Jaipur,Single,2,Yes
1339,Anay Mistry,Male,45,Sales,Officer,MCA,1,2022-12-18,97383,Lucknow,Single,7,No
1340,Oni Walla,Female,38,Finance,Officer,MBA,12,2017-08-03,47559,Bangalore,Single,2,Yes
1341,Jagdish Pandit,Male,54,Operations,Engineer,B.Com,17,2018-05-08,32762,Noida,Single,7,No
1342,Krish Amble,Male,42,IT,Analyst,M.Tech,15,2024-12-25,139726,Jaipur,Married,3,Yes
1343,Ojas Chaudhry,Male,40,Marketing,Assistant,MCA,1,2026-06-16,57024,Delhi,Single,9,Yes
1344,Forum Ramakrishnan,Female,51,IT,Manager,MBA,8,2019-09-06,136830,Delhi,Married,1,Yes
1345,Yadavi Joshi,Female,40,Sales,Assistant,MBA,13,2017-02-01,93866,Lucknow,Married,6,Yes
1346,Siya Nazareth,Female,23,Sales,Executive,MCA,14,2018-11-21,44719,Delhi,Married,7,Yes
1347,Aayush Sagar,Male,28,HR,Analyst,M.Tech,20,2024-04-25,90906,Noida,Married,1,No
1348,Zaitra Ganesh,Female,49,HR,Manager,B.Com,15,2018-01-07,74556,Bangalore,Single,5,No
1349,Warda Bhalla,Female,50,Sales,Manager,M.Tech,10,2017-01-23,86385,Noida,Single,4,Yes
1350,Falan Bose,Male,53,Operations,Manager,B.Com,13,2025-04-21,96170,Pune,Married,8,Yes
1351,Vanya Sahota,Female,59,Operations,Analyst,B.Com,16,2018-06-20,98968,Delhi,Married,5,No
1352,Jeremiah Choudhary,Male,42,IT,Officer,BBA,18,2018-04-24,48126,Pune,Single,10,Yes
1353,Jason Devan,Male,48,Sales,Manager,M.Tech,9,2026-06-14,123367,Bangalore,Married,6,Yes
1354,Manya Naidu,Female,45,Marketing,Analyst,BBA,16,2024-08-08,140086,Pune,Single,4,No
1355,Sathvik Bahl,Male,24,Operations,Engineer,MCA,7,2023-09-19,52699,Delhi,Single,8,No
1356,Yahvi Sami,Female,37,IT,Manager,B.Com,19,2026-07-19,122581,Jaipur,Married,2,Yes
1357,Jagdish Mani,Male,45,Marketing,Engineer,MCA,11,2026-04-17,86008,Noida,Single,3,Yes
1358,Gavin Prabhakar,Male,35,IT,Executive,B.Com,12,2018-03-26,75098,Noida,Single,4,Yes
1359,Arin Sarma,Male,49,HR,Manager,BBA,11,2022-02-04,95491,Delhi,Single,6,No
1360,Vincent Palla,Male,60,Sales,Manager,B.Com,9,2017-07-31,45745,Pune,Single,10,No
1361,Pranit Sinha,Male,25,HR,Executive,MCA,16,2022-01-19,83587,Pune,Single,3,No
1362,Frado Swamy,Male,47,Operations,Manager,BBA,3,2023-08-24,142118,Pune,Married,3,Yes
1363,Ekiya Kohli,Female,46,Marketing,Assistant,BBA,4,2023-12-16,106756,Jaipur,Single,10,Yes
1364,Gaurav Ratta,Male,28,IT,Assistant,B.Tech,14,2020-06-22,100276,Delhi,Married,10,Yes
1365,Caleb Char,Male,24,Operations,Officer,MBA,7,2026-03-07,135666,Mumbai,Single,1,No
1366,Darika Bhagat,Female,57,Finance,Engineer,MBA,2,2017-08-20,111664,Noida,Single,8,No
1367,Ayaan Bhatti,Male,58,Sales,Manager,B.Com,10,2025-05-25,145705,Pune,Married,5,No
1368,Arjun Bansal,Male,52,Sales,Analyst,B.Tech,7,2017-07-27,71475,Mumbai,Single,8,No
1369,Ikshita Natt,Female,32,Finance,Executive,M.Tech,5,2016-11-21,100687,Lucknow,Married,10,Yes
1370,Chatresh Dayal,Male,26,Finance,Analyst,M.Tech,3,2025-03-11,81706,Jaipur,Married,7,Yes
1371,Upma Balan,Female,24,IT,Officer,MCA,9,2017-10-15,80899,Pune,Married,10,No
1372,Ekbal Sethi,Male,52,Marketing,Analyst,BBA,12,2017-12-15,111132,Mumbai,Married,5,Yes
1373,Gautam Dey,Male,46,Operations,Engineer,B.Tech,2,2023-09-27,42664,Pune,Single,5,No
1374,Tara Halder,Female,36,Finance,Analyst,MBA,2,2026-05-14,49942,Noida,Married,8,Yes
1375,Kabir Sule,Male,27,IT,Executive,B.Com,7,2022-11-08,45954,Jaipur,Single,8,Yes
1376,Agastya Narang,Male,37,Finance,Officer,M.Tech,14,2022-11-29,42248,Jaipur,Married,10,No
1377,Qabil Gaba,Male,52,HR,Assistant,BBA,8,2022-08-02,87373,Pune,Single,10,Yes
1378,Sai Banik,Female,39,Operations,Manager,B.Com,4,2017-08-17,85693,Noida,Single,8,Yes
1379,Manbir Rastogi,Male,51,Marketing,Assistant,MCA,8,2020-03-23,103735,Mumbai,Married,1,Yes
1380,Samesh D’Alia,Male,46,Finance,Analyst,MCA,9,2017-03-27,105059,Lucknow,Single,5,No
1381,Upma Parikh,Female,42,Finance,Manager,B.Tech,14,2021-07-19,27538,Noida,Married,3,No
1382,Yashvi Borra,Female,25,Operations,Executive,M.Tech,5,2024-05-03,116362,Lucknow,Single,9,Yes
1383,Gayathri Mann,Female,25,IT,Officer,BBA,1,2025-02-12,88841,Delhi,Married,10,Yes
1384,Benjamin Naidu,Male,60,Sales,Executive,M.Tech,14,2017-05-31,116064,Pune,Single,8,Yes
1385,Laksh Merchant,Male,54,HR,Assistant,B.Tech,10,2024-11-03,128339,Bangalore,Married,10,Yes
1386,Ranveer Karnik,Male,42,Finance,Manager,B.Tech,6,2025-08-14,142207,Bangalore,Single,6,No
1387,Ojas Sekhon,Male,60,HR,Officer,MBA,19,2026-07-12,73708,Delhi,Single,5,No
1388,Pushti Ray,Female,50,Sales,Assistant,MCA,6,2024-12-07,139685,Lucknow,Single,6,Yes
1389,Mitali Handa,Female,50,Finance,Manager,MCA,1,2020-04-01,142769,Pune,Single,6,No
1390,Gagan Srivastava,Male,25,IT,Executive,BBA,10,2018-03-17,107782,Pune,Single,10,No
1391,Yutika Bhargava,Female,23,Marketing,Analyst,M.Tech,3,2016-09-12,78128,Pune,Married,7,Yes
1392,Ria Rajagopalan,Female,31,Operations,Analyst,M.Tech,13,2024-05-08,137177,Mumbai,Married,9,No
1393,Hiral Warrior,Female,34,HR,Manager,BBA,15,2019-12-09,140792,Lucknow,Married,8,Yes
1394,Yutika Chanda,Female,31,Finance,Engineer,B.Tech,8,2024-02-01,121267,Lucknow,Single,2,No
1395,Finn Palla,Male,22,Marketing,Engineer,M.Tech,0,2024-10-09,122175,Delhi,Single,6,Yes
1396,Riya More,Female,22,HR,Assistant,MBA,6,2022-05-11,116872,Jaipur,Single,9,Yes
1397,Vedant Rana,Male,25,Sales,Manager,BBA,19,2023-03-17,130348,Jaipur,Single,5,Yes
1398,Aarini Kuruvilla,Female,44,Finance,Officer,BBA,9,2022-10-07,60294,Noida,Married,2,Yes
1399,Falguni Bajwa,Female,33,IT,Executive,B.Com,15,2019-12-05,105650,Noida,Single,10,No
1400,Kabir Bumb,Male,31,Operations,Engineer,B.Com,15,2021-01-23,109714,Jaipur,Married,7,No
1401,Janaki Keer,Female,22,Sales,Engineer,B.Com,12,2023-01-21,144862,Lucknow,Married,10,No
1402,Daksha Vyas,Female,24,IT,Manager,B.Tech,12,2016-09-10,80991,Bangalore,Married,6,Yes
1403,Saksham Sachar,Male,30,HR,Engineer,B.Tech,0,2025-06-18,94874,Pune,Married,7,No
1404,Arin Khanna,Male,37,HR,Assistant,B.Tech,1,2016-10-02,42384,Lucknow,Single,2,No
1405,Faraj Kade,Male,55,Operations,Officer,B.Com,20,2021-07-09,115525,Delhi,Married,6,No
1406,Tanay Nath,Male,31,Marketing,Assistant,B.Tech,5,2019-01-11,124605,Pune,Married,6,No
1407,Xalak Prashad,Female,53,Sales,Manager,B.Com,14,2017-02-02,61071,Lucknow,Married,7,Yes
1408,Nilima Mander,Female,55,Finance,Analyst,MBA,1,2022-12-07,62989,Jaipur,Married,5,No
1409,Aadhya Gour,Female,39,HR,Executive,MCA,20,2020-08-29,111182,Mumbai,Single,1,No
1410,Maanav Bala,Male,30,HR,Officer,B.Tech,8,2019-04-27,39049,Bangalore,Married,6,Yes
1411,Michael Loyal,Male,56,IT,Analyst,B.Tech,13,2019-04-10,95678,Lucknow,Married,10,Yes
1412,Falak Pal,Female,41,Marketing,Executive,B.Tech,4,2020-09-19,64120,Pune,Married,10,Yes
1413,Charan Dara,Male,38,Finance,Assistant,B.Tech,5,2020-09-01,49235,Delhi,Married,10,No
1414,Bhavika Padmanabhan,Female,27,Marketing,Officer,M.Tech,14,2019-01-17,105569,Noida,Married,2,Yes
1415,Vansha Sarkar,Female,55,IT,Manager,MBA,5,2019-04-26,124960,Delhi,Single,10,Yes
1416,Ishita Warrior,Female,57,Finance,Engineer,B.Com,10,2023-09-30,41146,Jaipur,Single,4,No
1417,Manya Wagle,Female,41,Sales,Executive,B.Tech,5,2018-12-01,89154,Bangalore,Married,4,Yes
1418,Baljiwan Chakrabarti,Male,47,Sales,Manager,MCA,0,2018-11-04,130376,Pune,Married,2,No
1419,Oviya Char,Female,22,Operations,Assistant,B.Tech,10,2017-11-27,130221,Bangalore,Married,10,No
1420,Chaman Chakraborty,Female,37,Finance,Executive,B.Tech,17,2020-10-24,52383,Jaipur,Married,2,No
1421,Jagdish Lata,Male,31,IT,Executive,M.Tech,18,2025-11-18,37497,Pune,Married,4,Yes
1422,Ati Iyer,Female,40,Finance,Engineer,BBA,18,2023-06-17,96267,Jaipur,Married,9,No
1423,Victor Lalla,Male,51,Sales,Executive,MCA,8,2023-12-19,35145,Lucknow,Single,5,No
1424,Kritika Zacharia,Female,37,IT,Analyst,M.Tech,2,2018-04-07,108628,Noida,Single,8,Yes
1425,Gopal Sarma,Male,38,HR,Engineer,B.Tech,0,2017-07-18,30034,Noida,Single,2,Yes
1426,Ethan Nanda,Male,39,Sales,Officer,BBA,1,2023-03-19,70739,Jaipur,Married,9,No
1427,Quincy Padmanabhan,Male,25,Marketing,Engineer,B.Com,6,2023-11-10,65716,Bangalore,Single,8,Yes
1428,Banjeet Kalita,Male,28,Operations,Manager,B.Com,14,2026-08-02,61382,Jaipur,Single,6,Yes
1429,Abeer Sodhi,Male,52,Finance,Executive,B.Tech,13,2020-02-10,46426,Lucknow,Single,4,No
1430,Victor Ben,Male,23,Marketing,Analyst,MBA,5,2021-04-20,43602,Mumbai,Married,10,No
1431,Azaan Ganesh,Male,32,IT,Officer,B.Com,10,2025-07-18,53766,Pune,Single,6,Yes
1432,Ethan Aggarwal,Male,42,Finance,Engineer,MCA,14,2023-11-04,42549,Delhi,Single,9,Yes
1433,Pooja Singh,Female,47,Operations,Manager,B.Tech,6,2025-03-24,91856,Jaipur,Single,6,No
1434,Pratyush Puri,Male,37,IT,Assistant,B.Tech,19,2020-12-31,126640,Pune,Married,4,Yes
1435,Yochana Srinivas,Female,44,Marketing,Executive,BBA,17,2021-12-07,116403,Jaipur,Single,8,Yes
1436,Vivaan Majumdar,Male,54,IT,Assistant,MCA,9,2022-07-12,136953,Delhi,Single,4,No
1437,Meghana Keer,Female,30,Marketing,Officer,MBA,6,2017-08-21,126089,Mumbai,Single,10,No
1438,Qabil Ben,Male,60,Marketing,Assistant,B.Com,16,2023-06-17,85365,Pune,Single,3,Yes
1439,Saksham Roy,Male,37,Operations,Assistant,MBA,8,2023-02-04,62304,Mumbai,Single,7,Yes
1440,Jacob D’Alia,Male,54,Finance,Analyst,M.Tech,11,2025-04-11,61694,Lucknow,Married,5,No
1441,Vedant Misra,Male,59,Operations,Manager,M.Tech,19,2017-10-23,77199,Mumbai,Single,10,No
1442,Sudiksha Pai,Female,41,IT,Analyst,M.Tech,15,2023-07-20,144502,Lucknow,Single,6,Yes
1443,Divya Johal,Female,22,Finance,Assistant,MCA,11,2017-08-30,95088,Jaipur,Single,9,Yes
1444,Leela Minhas,Female,34,Sales,Engineer,B.Tech,18,2016-09-02,125945,Lucknow,Married,2,Yes
1445,Zarna Tank,Female,30,HR,Assistant,B.Com,6,2019-04-15,73008,Lucknow,Single,8,No
1446,Vedika Grewal,Female,46,Operations,Executive,BBA,18,2026-02-14,110134,Mumbai,Single,4,Yes
1447,Guneet Soman,Male,29,HR,Executive,MBA,2,2018-11-13,95927,Mumbai,Single,4,Yes
1448,Harshil Parsa,Male,32,Marketing,Executive,B.Com,2,2024-05-28,67354,Lucknow,Single,4,No
1449,Osha Chawla,Female,36,HR,Assistant,M.Tech,14,2024-01-16,90373,Jaipur,Married,10,No
1450,Oscar Badami,Male,27,HR,Assistant,MCA,11,2021-10-26,75033,Delhi,Married,3,No
1451,Daksh Kalita,Male,50,IT,Engineer,MCA,17,2017-09-02,83651,Jaipur,Single,2,No
1452,Devika Keer,Female,56,Marketing,Manager,M.Tech,14,2021-05-24,27027,Noida,Single,4,Yes
1453,Dev Borde,Male,52,IT,Manager,MBA,8,2022-08-22,138379,Noida,Married,2,No
1454,Xavier Sura,Male,47,Sales,Executive,M.Tech,10,2024-02-08,116167,Lucknow,Married,1,Yes
1455,Umang Nayar,Male,45,Marketing,Manager,MCA,15,2021-01-01,31477,Noida,Single,6,Yes
1456,Nihal Lad,Male,32,Marketing,Analyst,MCA,20,2026-01-11,93566,Jaipur,Single,1,No
1457,Guneet Goswami,Male,51,Marketing,Assistant,MCA,7,2016-10-16,82182,Bangalore,Married,9,No
1458,Ekantika Ray,Female,31,Finance,Engineer,B.Tech,8,2021-07-24,30757,Bangalore,Single,5,Yes
1459,Balhaar Char,Male,56,Sales,Assistant,B.Com,14,2023-11-09,143282,Delhi,Single,1,No
1460,Divya Mangal,Female,27,Finance,Engineer,MBA,12,2018-05-15,137487,Pune,Single,4,Yes
1461,Hema Wable,Female,42,HR,Executive,MCA,11,2026-03-04,32155,Delhi,Single,7,No
1462,Chaitanya De,Male,34,Marketing,Executive,B.Tech,2,2017-03-02,106525,Bangalore,Single,4,No
1463,Victor Gill,Male,52,Marketing,Engineer,MBA,19,2021-06-05,25224,Bangalore,Single,5,No
1464,Krishna Sibal,Male,28,Finance,Analyst,B.Com,15,2023-03-14,81437,Pune,Single,1,No
1465,Zarna Kunda,Female,44,Operations,Officer,MCA,10,2017-01-18,75556,Noida,Single,10,Yes
1466,Gaurika Sampath,Female,59,Operations,Engineer,B.Com,5,2018-02-18,42285,Delhi,Single,1,Yes
1467,Unnati Bhavsar,Female,49,Finance,Executive,MCA,20,2023-12-18,70607,Lucknow,Married,5,Yes
1468,Ronith Date,Male,36,Operations,Analyst,B.Com,18,2022-02-10,79723,Jaipur,Married,10,Yes
1469,Priya Chakraborty,Female,26,IT,Engineer,B.Com,1,2025-01-01,118123,Mumbai,Single,4,Yes
1470,Zilmil Swaminathan,Female,51,Sales,Engineer,M.Tech,9,2022-11-28,78172,Lucknow,Married,10,No
1471,Xiti Balakrishnan,Female,34,Finance,Manager,MBA,6,2025-11-02,112447,Pune,Single,10,No
1472,Advika Gokhale,Female,55,Sales,Engineer,B.Tech,9,2019-01-14,124474,Noida,Married,9,Yes
1473,Aishani Mand,Female,40,Sales,Engineer,B.Tech,20,2024-09-08,129149,Bangalore,Married,2,No
1474,Balendra Agarwal,Male,45,Finance,Assistant,B.Com,3,2019-06-29,35961,Noida,Married,4,No
1475,Vivaan Swaminathan,Male,37,IT,Officer,MBA,17,2019-06-12,35988,Lucknow,Married,1,No
1476,Shravya Dhingra,Female,33,Sales,Assistant,B.Tech,8,2026-01-24,114041,Noida,Married,10,No
1477,Ikbal Chatterjee,Male,54,Finance,Manager,B.Tech,13,2019-04-14,38680,Lucknow,Single,6,No
1478,Dakshesh Swamy,Male,27,IT,Officer,MCA,10,2025-04-02,73293,Jaipur,Single,1,No
1479,Bishakha Devan,Female,26,Marketing,Engineer,B.Com,14,2025-05-31,29876,Bangalore,Single,10,Yes
1480,Ishani Brar,Female,44,Marketing,Officer,B.Tech,9,2020-08-06,145425,Pune,Married,3,Yes
1481,Waida Narang,Female,47,HR,Manager,MCA,8,2023-08-11,40693,Mumbai,Married,10,No
1482,Yochana Mody,Female,35,Sales,Assistant,M.Tech,11,2019-08-03,48583,Delhi,Single,9,No
1483,Garima Edwin,Female,45,Finance,Analyst,MBA,4,2020-10-17,130906,Bangalore,Married,10,No
1484,Faqid Garg,Male,33,IT,Assistant,MBA,12,2025-11-30,69456,Pune,Single,6,Yes
1485,Zaid Dewan,Male,24,HR,Assistant,B.Com,5,2021-03-27,142993,Mumbai,Single,3,Yes
1486,Dayamai Goswami,Female,34,IT,Executive,BBA,1,2022-04-18,118881,Pune,Married,1,Yes
1487,Nidhi Shere,Female,58,Marketing,Executive,B.Tech,18,2017-02-11,35732,Lucknow,Single,8,No
1488,Pranit Tak,Male,37,Finance,Engineer,MCA,19,2022-07-29,84832,Jaipur,Married,6,Yes
1489,Lakshit Jhaveri,Male,52,Sales,Assistant,B.Com,4,2025-06-10,75744,Delhi,Married,6,No
1490,Vrinda Luthra,Female,54,Marketing,Executive,BBA,19,2022-01-12,77295,Delhi,Married,7,Yes
1491,Elijah Krishnamurthy,Male,47,Finance,Assistant,MCA,1,2017-10-29,148209,Mumbai,Single,4,Yes
1492,Karan Vasa,Male,26,Finance,Analyst,MBA,17,2023-03-04,74608,Noida,Married,10,No
1493,Ira Setty,Female,57,Operations,Engineer,MCA,13,2026-04-25,57956,Delhi,Single,8,No
1494,Diya Loke,Female,43,Sales,Executive,B.Tech,13,2026-06-21,41268,Jaipur,Married,8,Yes
1495,Henry Narayanan,Male,25,Operations,Engineer,B.Com,6,2025-03-16,47361,Pune,Married,7,Yes
1496,Yasti Sunder,Female,45,Sales,Manager,B.Tech,2,2022-07-30,70979,Jaipur,Married,4,No
1497,Umang Mukhopadhyay,Male,37,Finance,Officer,B.Tech,1,2018-10-13,109084,Mumbai,Married,9,No
1498,Krish Shan,Male,40,Finance,Executive,MCA,13,2017-07-22,49253,Delhi,Single,10,No
1499,Odika Sahota,Female,49,HR,Executive,B.Tech,12,2025-08-01,63832,Pune,Single,9,No
1500,Nathaniel Nair,Male,50,IT,Officer,B.Tech,14,2023-12-09,100381,Jaipur,Single,5,No
1501,Jeremiah Amble,Male,54,Sales,Manager,MCA,10,2025-05-31,82867,Noida,Married,8,Yes
1502,Amrita Dasgupta,Female,51,IT,Analyst,B.Tech,4,2018-07-13,26017,Bangalore,Married,6,No
1503,Eiravati Madan,Female,23,HR,Assistant,B.Tech,6,2021-09-17,61505,Delhi,Single,2,No
1504,Balhaar Mukherjee,Male,25,IT,Engineer,MBA,17,2022-04-22,56438,Jaipur,Married,5,No
1505,Onveer Salvi,Male,34,Operations,Manager,B.Tech,5,2018-03-06,54985,Bangalore,Single,7,No
1506,Guneet Bhandari,Male,27,Marketing,Officer,B.Com,15,2017-01-21,112423,Mumbai,Married,6,No
1507,Ethan Cheema,Male,57,Sales,Assistant,MCA,5,2024-02-01,66530,Jaipur,Single,4,Yes
1508,Rachana Peri,Female,35,IT,Engineer,MBA,20,2022-10-13,75620,Lucknow,Single,3,No
1509,Ekanta Iyer,Female,51,Finance,Analyst,B.Com,17,2022-09-12,100731,Pune,Single,5,Yes
1510,Damyanti Thaker,Female,24,HR,Officer,B.Com,9,2018-01-30,130446,Noida,Single,5,Yes
1511,Upkaar Kari,Male,53,Sales,Analyst,MBA,12,2022-08-05,95732,Delhi,Single,7,No
1512,Devika Sami,Female,40,HR,Analyst,MCA,2,2026-01-14,69914,Pune,Single,1,No
1513,Ekaja Pai,Female,56,Finance,Executive,B.Com,13,2021-08-27,96210,Mumbai,Single,10,Yes
1514,Farhan Mangal,Male,29,Marketing,Officer,B.Com,3,2021-07-19,143920,Lucknow,Single,5,No
1515,Aayush Khurana,Male,25,IT,Analyst,MCA,14,2024-05-06,79465,Bangalore,Married,1,Yes
1516,Vaishnavi Basak,Female,24,Finance,Engineer,MCA,1,2025-05-18,147903,Bangalore,Single,9,No
1517,Arin Ramesh,Male,43,Finance,Manager,B.Com,8,2017-02-02,49367,Pune,Married,7,Yes
1518,Frado Chaudhary,Male,53,Finance,Assistant,B.Tech,15,2019-01-11,74767,Jaipur,Single,7,No
1519,Hritik Borah,Male,51,Sales,Analyst,MCA,2,2023-03-20,125342,Delhi,Single,2,Yes
1520,Yoshita Bawa,Female,34,Operations,Manager,BBA,4,2022-05-01,73318,Mumbai,Married,8,No
1521,Max Anand,Male,54,Sales,Manager,MBA,10,2025-03-21,110460,Bangalore,Married,6,No
1522,Meera Madan,Female,27,Operations,Engineer,BBA,13,2026-04-21,53452,Mumbai,Single,4,No
1523,Patrick Chatterjee,Male,37,IT,Engineer,BBA,12,2020-09-20,95226,Lucknow,Single,4,Yes
1524,Daksh Patel,Male,60,HR,Officer,MBA,7,2021-06-11,38655,Noida,Single,5,Yes
1525,Thomas Brar,Male,29,Sales,Officer,MCA,9,2026-05-03,35367,Lucknow,Single,6,No
1526,Matthew Barad,Male,22,Marketing,Executive,MCA,5,2020-09-07,58952,Jaipur,Married,3,Yes
1527,Yashodhara Cherian,Female,39,IT,Officer,M.Tech,6,2022-10-01,69502,Pune,Married,1,No
1528,Gauri Sundaram,Female,44,Finance,Engineer,BBA,0,2022-03-08,135228,Pune,Single,2,No
1529,Atharv Kaul,Male,22,Operations,Engineer,M.Tech,1,2017-02-13,103334,Mumbai,Married,10,No
1530,Priya Ramachandran,Female,40,Finance,Assistant,MCA,4,2022-12-28,100583,Mumbai,Single,3,No
1531,Henry Venkatesh,Male,44,Finance,Executive,B.Com,15,2021-12-18,44634,Bangalore,Married,3,No
1532,Yashoda Kashyap,Female,34,Sales,Engineer,MBA,15,2020-10-19,92693,Jaipur,Single,3,No
1533,Triveni Mitter,Female,33,Operations,Officer,B.Com,5,2021-04-25,88580,Jaipur,Single,7,No
1534,Gautami Dasgupta,Female,30,Marketing,Assistant,MCA,10,2019-07-02,129870,Pune,Married,5,Yes
1535,Ryan Pathak,Male,48,HR,Officer,M.Tech,3,2021-02-09,132383,Bangalore,Single,5,Yes
1536,Lakshmi Kale,Female,37,Marketing,Manager,MBA,19,2024-11-23,102748,Mumbai,Married,10,No
1537,Mitali Sarin,Female,38,Finance,Manager,B.Tech,5,2024-08-27,89100,Noida,Single,1,Yes
1538,Adya Bhatti,Female,34,Sales,Engineer,B.Tech,15,2019-12-18,123775,Delhi,Married,9,No
1539,Ekansh Warrior,Male,47,Finance,Engineer,MBA,16,2017-10-23,65432,Mumbai,Married,2,No
1540,Bahadurjit Srivastava,Male,34,Sales,Officer,BBA,0,2017-08-18,43717,Mumbai,Single,2,No
1541,Xalak Lad,Female,24,Sales,Officer,MBA,13,2026-07-29,61670,Pune,Single,7,No
1542,Shaurya Tak,Male,58,HR,Analyst,B.Tech,11,2025-01-06,94498,Delhi,Married,2,Yes
1543,Lakshmi Kibe,Female,52,IT,Officer,MCA,12,2026-02-21,66430,Noida,Married,5,Yes
1544,Nitesh Walia,Male,42,Operations,Analyst,B.Com,11,2023-04-20,67267,Pune,Single,6,Yes
1545,Tanvi Devi,Female,42,Operations,Officer,BBA,11,2016-09-26,76286,Pune,Single,10,No
1546,Ijaya Deo,Female,41,IT,Manager,MBA,13,2019-12-19,128305,Jaipur,Single,6,Yes
1547,Libni Sachar,Female,57,Marketing,Manager,B.Tech,14,2022-04-25,136810,Pune,Single,5,No
1548,Naksh Oommen,Male,50,Marketing,Engineer,MCA,6,2019-09-10,51801,Lucknow,Married,7,Yes
1549,Ekansh Choudhury,Male,25,Marketing,Officer,MCA,19,2026-03-18,49806,Bangalore,Married,4,Yes
1550,Luke Parikh,Male,38,Operations,Analyst,BBA,1,2020-03-02,81637,Noida,Married,3,No
1551,Owen Mukhopadhyay,Male,23,IT,Manager,BBA,18,2025-11-15,26751,Pune,Single,10,Yes
1552,Rachana Muni,Female,51,Finance,Engineer,M.Tech,9,2024-01-19,122445,Bangalore,Married,8,No
1553,Manya Mall,Female,48,Operations,Manager,M.Tech,19,2022-08-04,106613,Jaipur,Married,7,No
1554,Harish Suresh,Male,53,Sales,Engineer,M.Tech,13,2017-07-13,78642,Bangalore,Married,9,Yes
1555,Yuvraj Kaul,Male,39,Sales,Executive,BBA,15,2023-02-03,79150,Lucknow,Married,1,Yes
1556,Warjas Gupta,Male,45,Finance,Officer,B.Tech,18,2017-03-10,57840,Mumbai,Single,10,Yes
1557,Omisha Dua,Female,60,Marketing,Officer,BBA,13,2021-10-03,135963,Lucknow,Married,2,Yes
1558,Robert Sha,Male,29,Operations,Manager,B.Tech,10,2025-08-18,91721,Mumbai,Single,3,Yes
1559,Zaitra Mangal,Female,47,Finance,Assistant,M.Tech,1,2019-09-02,59788,Mumbai,Single,9,Yes
1560,Nathan Grewal,Male,31,Sales,Manager,BBA,7,2019-01-01,68087,Bangalore,Single,7,No
1561,Frederick Rau,Male,25,Marketing,Officer,M.Tech,12,2020-01-09,94568,Pune,Single,3,No
1562,Tripti Guha,Female,53,Sales,Officer,BBA,0,2019-10-18,56241,Delhi,Married,2,Yes
1563,Yagnesh Dar,Male,25,Finance,Officer,BBA,16,2022-02-19,33214,Bangalore,Married,7,Yes
1564,Pallavi Sachar,Female,46,IT,Manager,MBA,8,2020-12-11,40612,Mumbai,Married,3,Yes
1565,Avni Brar,Female,40,Sales,Engineer,BBA,17,2025-07-15,82860,Bangalore,Married,8,Yes
1566,Oliver Bhavsar,Male,37,Sales,Engineer,MBA,12,2025-11-21,138786,Lucknow,Married,1,Yes
1567,Anjali Acharya,Female,42,Sales,Executive,B.Com,5,2017-06-18,46750,Mumbai,Married,6,Yes
1568,Falan Wali,Male,46,HR,Analyst,MCA,0,2026-02-16,32162,Delhi,Single,2,No
1569,Manthan Hora,Male,31,Sales,Analyst,B.Tech,4,2024-06-29,110743,Delhi,Single,7,No
1570,Ekta Loyal,Female,53,Marketing,Analyst,B.Com,12,2018-06-17,29120,Bangalore,Married,9,Yes
1571,Leena Tandon,Female,37,Marketing,Manager,B.Tech,16,2025-01-11,53982,Noida,Single,8,Yes
1572,Nicholas Devi,Male,56,Marketing,Manager,B.Com,20,2021-01-17,107623,Jaipur,Single,2,No
1573,Adya Rao,Female,58,Marketing,Manager,BBA,16,2020-04-28,136432,Jaipur,Married,8,No
1574,Chaman Bhatti,Female,38,Marketing,Officer,B.Com,15,2025-04-11,148397,Jaipur,Single,10,No
1575,Ranveer Lalla,Male,55,Sales,Executive,B.Tech,20,2017-05-13,128860,Jaipur,Married,8,Yes
1576,Hitesh Setty,Male,44,IT,Assistant,BBA,15,2018-03-12,67656,Bangalore,Married,5,Yes
1577,Amol Bhattacharyya,Male,57,Marketing,Analyst,B.Tech,19,2024-04-04,95849,Pune,Single,9,No
1578,Harita Deep,Female,52,Operations,Assistant,B.Tech,20,2017-12-05,133015,Pune,Married,4,Yes
1579,Waida Parsa,Female,60,IT,Manager,MCA,12,2022-02-22,120063,Jaipur,Single,1,No
1580,Tarak Biswas,Male,24,HR,Manager,M.Tech,17,2023-06-08,146839,Delhi,Single,1,Yes
1581,Chaitanya Mammen,Male,45,Operations,Executive,B.Com,2,2024-08-10,143544,Noida,Married,7,No
1582,Aryan Amble,Male,43,HR,Executive,M.Tech,10,2024-11-16,38095,Lucknow,Married,1,No
1583,Madhavi Magar,Female,34,IT,Officer,B.Com,8,2022-11-28,128476,Mumbai,Married,2,No
1584,Bimala Chhabra,Female,27,Finance,Executive,B.Com,16,2019-11-07,55187,Lucknow,Married,8,No
1585,Zansi Aggarwal,Female,41,Sales,Analyst,M.Tech,9,2020-11-23,120245,Bangalore,Single,1,No
1586,Unni Devan,Female,25,Finance,Executive,M.Tech,4,2020-07-26,107141,Mumbai,Single,6,Yes
1587,Deepa Oak,Female,49,Finance,Engineer,MBA,16,2022-05-16,57827,Delhi,Married,9,Yes
1588,Nikita Babu,Female,26,Marketing,Assistant,MCA,9,2017-03-13,40219,Delhi,Married,3,No
1589,Rachit Apte,Male,46,HR,Manager,BBA,7,2022-05-09,112515,Jaipur,Married,9,No
1590,Vrishti Bassi,Female,34,IT,Executive,MBA,20,2025-11-24,125469,Jaipur,Married,6,Yes
1591,Bina Kata,Female,31,HR,Manager,BBA,4,2020-02-03,127122,Delhi,Single,2,Yes
1592,Urmi Rao,Female,40,Marketing,Officer,M.Tech,7,2026-07-29,57477,Jaipur,Married,9,Yes
1593,Champak Arora,Male,32,Marketing,Engineer,M.Tech,0,2019-10-14,106008,Delhi,Married,7,Yes
1594,Chandresh Handa,Male,30,Finance,Manager,MBA,4,2022-09-04,127645,Noida,Single,6,No
1595,Jackson Rai,Male,52,Marketing,Analyst,M.Tech,7,2017-06-28,92692,Noida,Single,3,No
1596,Jagvi Dada,Female,33,Finance,Officer,MCA,13,2022-12-13,127949,Bangalore,Single,2,Yes
1597,Rachita Sant,Female,25,IT,Executive,BBA,0,2024-04-19,123739,Delhi,Single,10,No
1598,Yash Keer,Male,23,Finance,Engineer,B.Com,3,2025-07-06,110151,Mumbai,Single,8,Yes
1599,Manthan Balay,Male,59,IT,Manager,M.Tech,13,2021-02-28,72881,Lucknow,Single,3,Yes
1600,Rudra Tata,Male,40,Marketing,Officer,MCA,17,2022-03-03,136774,Noida,Single,2,No
1601,David Chand,Male,27,Marketing,Assistant,MCA,12,2026-06-20,73565,Pune,Married,4,No
1602,Aryan Vig,Male,44,Sales,Assistant,MCA,6,2024-04-20,123422,Bangalore,Married,3,No
1603,Isha Goda,Female,53,Sales,Assistant,M.Tech,15,2022-08-24,130390,Pune,Single,5,Yes
1604,Pavani Wason,Female,33,HR,Manager,B.Tech,19,2025-02-15,91292,Mumbai,Single,3,Yes
1605,Vivaan Upadhyay,Male,36,HR,Executive,B.Com,14,2020-09-26,76438,Pune,Married,1,No
1606,Ranbir Vig,Male,43,IT,Engineer,MBA,16,2017-10-03,52373,Noida,Married,1,No
1607,Yuvraj Walia,Male,56,Marketing,Assistant,M.Tech,0,2019-01-19,89862,Pune,Married,3,No
1608,Banjeet Balakrishnan,Male,33,Sales,Executive,B.Tech,6,2022-03-11,104106,Noida,Married,3,No
1609,Sara Pingle,Female,47,HR,Analyst,B.Tech,12,2026-04-28,125581,Lucknow,Single,10,Yes
1610,Hemani Prasad,Female,23,Finance,Analyst,MBA,9,2025-08-18,46041,Bangalore,Single,8,Yes
1611,Krishna Setty,Female,37,Marketing,Analyst,BBA,7,2017-10-24,95468,Delhi,Single,5,Yes
1612,Ishanvi Saran,Female,47,Operations,Analyst,B.Tech,13,2024-08-20,143845,Jaipur,Single,10,Yes
1613,Omaja Chakraborty,Female,35,Finance,Officer,MCA,11,2018-10-07,130799,Noida,Single,1,Yes
1614,Chasmum Karan,Female,25,HR,Manager,MCA,9,2018-03-15,47708,Jaipur,Married,2,Yes
1615,Banjeet Pingle,Male,35,HR,Assistant,M.Tech,19,2017-03-22,115785,Jaipur,Married,9,Yes
1616,Alexander Doctor,Male,59,IT,Analyst,MBA,8,2019-05-28,80982,Delhi,Married,8,No
1617,Janya Choudhury,Female,23,HR,Officer,BBA,1,2022-01-14,136569,Jaipur,Married,2,No
1618,Vihaan Bajaj,Male,28,HR,Officer,M.Tech,14,2018-04-15,106804,Lucknow,Married,5,No
1619,Zaid Pant,Male,36,Operations,Analyst,MBA,13,2026-07-25,135152,Bangalore,Single,9,No
1620,Ishanvi Agrawal,Female,28,Sales,Executive,MCA,6,2018-02-13,89246,Bangalore,Married,4,No
1621,Daniel Chatterjee,Male,50,Finance,Assistant,MBA,0,2021-05-09,45850,Delhi,Married,2,No
1622,Raghav Saraf,Male,33,HR,Analyst,M.Tech,7,2022-10-12,129237,Noida,Married,7,Yes
1623,Chameli Anne,Female,31,IT,Manager,BBA,0,2018-03-09,96014,Mumbai,Married,7,Yes
1624,Alka Pal,Female,40,HR,Manager,MBA,5,2024-08-27,25690,Noida,Married,5,No
1625,Darika Suresh,Female,36,Sales,Assistant,MCA,16,2024-08-17,110993,Lucknow,Married,3,Yes
1626,Osha Hayer,Female,58,Sales,Assistant,M.Tech,3,2017-02-08,58961,Bangalore,Single,9,No
1627,Ijaya Dey,Female,48,Marketing,Officer,B.Com,10,2021-09-20,122956,Delhi,Single,4,Yes
1628,Rachit Tailor,Male,35,HR,Officer,B.Tech,5,2017-08-14,93479,Pune,Single,4,Yes
1629,Caleb Chauhan,Male,25,HR,Manager,B.Com,15,2026-04-16,130373,Mumbai,Single,8,No
1630,Finn Wali,Male,45,IT,Officer,M.Tech,5,2019-02-11,141078,Delhi,Single,8,Yes
1631,Ekani Madan,Female,49,Sales,Assistant,MCA,5,2025-11-30,144713,Bangalore,Single,7,No
1632,Max Subramanian,Male,28,Marketing,Manager,MCA,17,2019-07-04,125933,Noida,Married,7,Yes
1633,Lakshit Radhakrishnan,Male,28,Operations,Manager,BBA,12,2021-05-06,49377,Mumbai,Married,3,Yes
1634,Vincent Vora,Male,24,HR,Engineer,MCA,5,2016-09-08,106109,Delhi,Married,9,No
1635,Jack Taneja,Male,22,IT,Executive,B.Tech,4,2026-01-06,121746,Noida,Single,9,Yes
1636,Mahika Mitra,Female,31,IT,Officer,B.Tech,17,2022-05-24,146361,Jaipur,Single,4,Yes
1637,William Chakraborty,Male,48,IT,Analyst,B.Tech,15,2022-09-21,60711,Bangalore,Single,3,Yes
1638,Qarin Rai,Male,30,HR,Analyst,MBA,2,2021-09-23,92319,Noida,Married,6,Yes
1639,Faqid Bajwa,Male,31,HR,Analyst,MCA,10,2018-08-06,57202,Noida,Married,5,Yes
1640,Sneha Sane,Female,50,Sales,Officer,BBA,14,2022-06-13,85270,Pune,Married,5,Yes
1641,Bhavna Lanka,Female,40,Sales,Executive,MBA,2,2017-10-07,45322,Jaipur,Married,7,Yes
1642,Yutika Kale,Female,48,Operations,Executive,MBA,0,2024-10-11,145383,Noida,Single,1,Yes
1643,Vihaan Venkataraman,Male,33,Operations,Assistant,B.Tech,11,2026-01-13,46599,Noida,Married,6,No
1644,Libni Kant,Female,31,Finance,Executive,B.Com,16,2021-03-29,32169,Bangalore,Married,6,No
1645,Ekavir Dugal,Male,45,Marketing,Manager,BBA,6,2019-06-09,89874,Delhi,Single,4,Yes
1646,Banjeet Kala,Male,39,Finance,Executive,MBA,16,2025-04-16,101733,Bangalore,Married,2,Yes
1647,Noah Gera,Male,54,Finance,Executive,B.Tech,20,2021-12-02,138212,Noida,Married,10,Yes
1648,Rachita Batra,Female,34,IT,Assistant,B.Tech,4,2020-05-25,60907,Noida,Married,7,Yes
1649,Kiaan Modi,Male,49,Marketing,Officer,B.Com,14,2025-10-15,83578,Jaipur,Married,2,No
1650,Yashvi Pau,Female,48,HR,Analyst,B.Com,19,2025-11-29,100377,Lucknow,Married,8,No
1651,Alka Gupta,Female,38,IT,Engineer,BBA,4,2019-01-30,109313,Noida,Single,9,Yes
1652,Urishilla Parekh,Female,47,Finance,Executive,BBA,18,2018-09-01,126836,Noida,Married,10,No
1653,Warinder Sem,Male,31,Operations,Manager,M.Tech,5,2018-07-12,89455,Delhi,Single,7,No
1654,Anthony Sagar,Male,60,IT,Manager,B.Com,16,2026-04-18,127242,Pune,Married,4,No
1655,Manbir Kata,Male,41,Sales,Manager,B.Com,9,2018-09-14,119670,Delhi,Married,2,Yes
1656,Rachana Parsa,Female,38,Marketing,Manager,B.Com,4,2023-12-08,55005,Noida,Married,5,No
1657,Wishi Kumar,Female,44,Sales,Executive,MCA,20,2017-06-24,73970,Delhi,Married,5,No
1658,Widisha Shenoy,Female,28,IT,Manager,BBA,10,2016-10-10,127264,Lucknow,Married,7,Yes
1659,Chakrika Prasad,Female,53,Marketing,Analyst,MBA,0,2018-03-13,77440,Bangalore,Single,7,No
1660,Vihaan Subramanian,Male,36,Sales,Assistant,BBA,17,2020-11-06,52348,Delhi,Married,4,No
1661,Harini Konda,Female,29,Sales,Engineer,BBA,20,2025-07-24,66355,Pune,Married,7,Yes
1662,Irya Mammen,Female,47,HR,Executive,MCA,13,2019-07-12,77185,Mumbai,Single,7,Yes
1663,Aadi Kata,Male,45,Sales,Assistant,MBA,1,2025-05-11,130386,Noida,Married,5,Yes
1664,Upadhriti Purohit,Female,37,Sales,Executive,M.Tech,3,2025-10-18,98075,Jaipur,Married,4,Yes
1665,Reyansh Sanghvi,Male,26,Finance,Officer,MBA,13,2017-06-02,81913,Noida,Married,5,Yes
1666,Abdul Mittal,Male,31,Operations,Manager,MBA,17,2023-03-05,99911,Lucknow,Single,3,Yes
1667,Ranveer Solanki,Male,36,Sales,Manager,B.Tech,2,2025-10-30,106522,Delhi,Married,6,Yes
1668,Nandini Panchal,Female,52,Finance,Manager,MBA,17,2022-07-28,99507,Noida,Married,7,Yes
1669,Aarav Date,Male,56,Finance,Officer,MCA,7,2017-10-24,147902,Mumbai,Married,6,Yes
1670,Ganga Narayan,Female,49,Sales,Manager,B.Tech,18,2021-05-07,69509,Bangalore,Single,8,Yes
1671,Shivansh Kala,Male,57,Sales,Analyst,B.Com,11,2025-05-14,51780,Jaipur,Single,5,Yes
1672,Rushil Talwar,Male,47,Marketing,Manager,M.Tech,20,2018-07-27,129333,Lucknow,Married,2,Yes
1673,Omaja Sandhu,Female,24,Finance,Engineer,MBA,6,2019-12-14,79594,Jaipur,Married,3,No
1674,Yashawini Bhandari,Female,56,Marketing,Executive,B.Tech,0,2021-08-08,79776,Pune,Married,9,Yes
1675,Gopal Rajan,Male,25,Sales,Executive,B.Com,3,2016-09-14,88130,Noida,Single,7,No
1676,Aarav Nagi,Male,35,HR,Analyst,M.Tech,12,2019-06-10,101315,Mumbai,Married,2,Yes
1677,Girindra Dara,Male,35,IT,Assistant,MCA,1,2018-01-02,93817,Mumbai,Married,5,Yes
1678,Zaitra Dora,Female,39,HR,Engineer,MBA,14,2026-07-18,137828,Delhi,Married,3,No
1679,Ayaan Keer,Male,28,HR,Manager,MCA,2,2026-01-20,101573,Bangalore,Single,3,Yes
1680,Rachana Sankaran,Female,39,Operations,Officer,M.Tech,18,2017-05-14,53366,Pune,Married,8,No
1681,Henry Hayre,Male,52,Finance,Executive,M.Tech,12,2025-10-05,127344,Pune,Married,7,No
1682,Anirudh Keer,Male,58,Marketing,Executive,M.Tech,7,2020-07-29,85624,Noida,Single,6,Yes
1683,Tamanna Dhillon,Female,50,Operations,Assistant,MCA,6,2018-06-05,45572,Delhi,Single,7,No
1684,Anay Varty,Male,52,IT,Executive,BBA,11,2017-05-30,59833,Delhi,Single,1,Yes
1685,Riya Loke,Female,34,Operations,Analyst,M.Tech,1,2016-09-11,133925,Noida,Single,7,Yes
1686,Riya Raj,Female,23,Marketing,Analyst,MBA,14,2024-05-14,78471,Jaipur,Single,8,Yes
1687,Siddharth Mani,Male,56,Finance,Executive,M.Tech,14,2023-07-12,88473,Bangalore,Single,9,Yes
1688,Gavin Andra,Male,47,Finance,Executive,MCA,20,2021-07-11,66299,Noida,Married,3,Yes
1689,Eta Palan,Female,52,IT,Analyst,B.Com,8,2021-03-06,112346,Bangalore,Single,10,No
1690,Wishi Varughese,Female,40,Finance,Officer,BBA,12,2025-04-13,82916,Noida,Single,9,Yes
1691,Girish Naidu,Male,55,Finance,Executive,MBA,20,2023-05-06,72556,Delhi,Single,2,No
1692,Manthan Mall,Male,41,IT,Analyst,B.Tech,14,2019-02-21,106416,Noida,Single,4,No
1693,Rishi Lad,Male,30,HR,Manager,B.Tech,5,2022-10-07,141391,Delhi,Single,2,No
1694,Ishaan Mohanty,Male,54,HR,Engineer,M.Tech,14,2024-08-02,91858,Mumbai,Married,9,No
1695,Saumya Varty,Female,26,Marketing,Assistant,B.Tech,19,2024-11-01,99657,Lucknow,Married,1,Yes
1696,Ishani Mann,Female,32,Marketing,Assistant,M.Tech,10,2026-02-13,73621,Bangalore,Single,8,Yes
1697,Gautami Bera,Female,40,HR,Analyst,B.Tech,15,2018-12-02,64287,Bangalore,Married,2,Yes
1698,Ekani Sarna,Female,25,IT,Manager,MBA,9,2017-04-21,146248,Bangalore,Married,5,Yes
1699,Sai Chakrabarti,Female,27,Operations,Analyst,M.Tech,10,2017-08-02,98878,Mumbai,Single,8,Yes
1700,Krishna Raval,Female,30,HR,Officer,B.Com,0,2018-01-22,41510,Bangalore,Single,9,Yes
1701,Harrison Korpal,Male,48,Finance,Assistant,MBA,0,2018-10-25,126616,Noida,Married,3,No
1702,Isaac Shetty,Male,39,Finance,Manager,BBA,2,2026-05-30,125730,Noida,Married,2,Yes
1703,Victor Rattan,Male,33,Sales,Analyst,B.Tech,20,2023-11-06,61991,Lucknow,Married,3,Yes
1704,Andrew Ramaswamy,Male,36,Operations,Engineer,BBA,7,2017-09-14,85709,Noida,Married,9,Yes
1705,Dakshesh Deo,Male,37,IT,Engineer,B.Com,19,2021-11-05,57916,Jaipur,Married,1,Yes
1706,Nitara Brahmbhatt,Female,59,Sales,Analyst,BBA,11,2023-12-05,112972,Jaipur,Married,3,Yes
1707,Balveer Sarraf,Male,22,Operations,Manager,B.Tech,0,2017-01-27,30567,Noida,Married,1,No
1708,Harini Sarkar,Female,32,HR,Manager,B.Com,19,2023-11-03,84438,Lucknow,Married,10,Yes
1709,Panini Chhabra,Female,37,Operations,Executive,MBA,10,2024-09-13,126930,Noida,Single,2,No
1710,Niharika Bakshi,Female,42,Operations,Engineer,B.Tech,12,2023-08-10,58346,Mumbai,Single,10,Yes
1711,Vivaan Madan,Male,23,Finance,Manager,B.Tech,11,2017-11-03,92847,Delhi,Single,1,No
1712,Balveer Bassi,Male,25,Marketing,Analyst,MCA,20,2019-10-27,126085,Pune,Single,6,Yes
1713,Ranveer Chaudhary,Male,42,HR,Engineer,M.Tech,20,2022-12-04,137923,Pune,Married,9,Yes
1714,Devika Sankar,Female,53,HR,Officer,B.Tech,6,2016-09-15,135135,Pune,Single,10,No
1715,Ayushman Parmer,Male,35,Finance,Manager,B.Com,9,2023-05-23,118568,Mumbai,Single,5,No
1716,Anay Narula,Male,42,HR,Engineer,B.Com,1,2020-12-28,75934,Noida,Married,3,No
1717,Avni Balay,Female,24,IT,Engineer,M.Tech,9,2017-11-25,101218,Bangalore,Married,8,Yes
1718,Harrison Bava,Male,38,Marketing,Manager,B.Com,20,2021-12-18,63628,Jaipur,Single,2,Yes
1719,Kavya Srivastava,Female,49,Sales,Engineer,M.Tech,8,2019-08-26,58581,Mumbai,Single,8,Yes
1720,Viraj Bawa,Male,60,Sales,Engineer,M.Tech,6,2023-08-01,76249,Lucknow,Single,9,No
1721,Mekhala Chada,Female,36,Finance,Assistant,B.Tech,17,2017-10-04,73297,Jaipur,Single,3,No
1722,Chakradhar Walia,Male,43,Finance,Manager,BBA,11,2020-12-28,88203,Jaipur,Single,3,Yes
1723,Tanay Ray,Male,38,HR,Assistant,M.Tech,16,2026-06-07,108781,Delhi,Single,8,Yes
1724,Michael Kalla,Male,42,HR,Analyst,B.Tech,8,2025-10-08,141679,Pune,Single,1,Yes
1725,Vihaan Dhar,Male,32,HR,Analyst,BBA,8,2022-01-26,141159,Delhi,Single,10,Yes
1726,Warinder Kala,Male,22,Marketing,Analyst,M.Tech,2,2025-10-25,56573,Jaipur,Married,4,Yes
1727,William Naik,Male,54,IT,Analyst,B.Com,10,2017-11-04,63305,Lucknow,Married,6,No
1728,Vaishnavi Mahajan,Female,23,Operations,Engineer,MCA,0,2020-11-29,132308,Bangalore,Single,7,Yes
1729,Falguni Chatterjee,Female,22,HR,Manager,B.Com,9,2026-01-31,37267,Delhi,Single,2,Yes
1730,Lopa Goyal,Female,53,Marketing,Officer,B.Tech,11,2023-08-18,60275,Jaipur,Married,9,No
1731,Manya Goel,Female,32,HR,Analyst,M.Tech,2,2024-06-11,99440,Pune,Married,5,Yes
1732,Nitesh Mukhopadhyay,Male,27,HR,Executive,BBA,19,2024-06-13,94965,Lucknow,Married,8,No
1733,Orinder Edwin,Male,51,Sales,Analyst,B.Com,18,2020-12-24,136264,Delhi,Single,4,No
1734,Osha Seth,Female,47,IT,Analyst,M.Tech,9,2018-10-08,127684,Mumbai,Married,10,No
1735,Andrew Kumar,Male,53,Operations,Executive,B.Tech,1,2025-06-19,48075,Jaipur,Single,2,No
1736,Kala Apte,Female,23,HR,Assistant,MCA,3,2016-09-05,109958,Delhi,Single,4,Yes
1737,Yoshita Dhaliwal,Female,30,HR,Engineer,MCA,14,2023-06-22,52871,Mumbai,Single,3,No
1738,Nachiket Shenoy,Male,48,Marketing,Assistant,MCA,18,2025-01-21,91483,Pune,Single,6,No
1739,Zinal Jaggi,Female,30,Finance,Assistant,B.Tech,3,2021-09-01,46150,Mumbai,Single,9,No
1740,Nilima Bahl,Female,42,Finance,Officer,MCA,13,2017-10-19,34202,Delhi,Single,6,No
1741,Nilima Shenoy,Female,57,Operations,Executive,M.Tech,19,2017-09-21,140058,Noida,Single,9,No
1742,Reyansh Mital,Male,28,HR,Engineer,BBA,13,2022-11-24,102282,Mumbai,Married,4,No
1743,Frederick Prabhu,Male,58,IT,Manager,M.Tech,18,2020-09-08,76527,Mumbai,Married,3,No
1744,Timothy Bobal,Male,57,Marketing,Engineer,MBA,12,2023-08-21,69974,Bangalore,Married,6,Yes
1745,Ladli Arora,Female,36,Sales,Officer,BBA,10,2022-07-26,124488,Pune,Single,9,Yes
1746,Kai Kade,Male,46,Marketing,Manager,M.Tech,19,2017-10-08,91379,Noida,Married,7,Yes
1747,Logan Guha,Male,43,IT,Manager,BBA,2,2025-04-23,61944,Noida,Married,8,Yes
1748,Patrick Vyas,Male,60,IT,Analyst,MCA,8,2022-01-17,130230,Mumbai,Single,9,No
1749,Vedika Chacko,Female,41,HR,Manager,MBA,18,2023-04-08,145653,Noida,Married,10,No
1750,Sneha Nazareth,Female,43,Sales,Executive,BBA,14,2024-08-05,103600,Mumbai,Single,3,Yes
1751,Siddharth Swamy,Male,30,Finance,Officer,B.Tech,15,2022-03-20,31545,Noida,Married,9,No
1752,Champak Sharma,Male,34,Finance,Assistant,MCA,1,2017-10-14,66196,Noida,Single,7,No
1753,Pushti Chakraborty,Female,23,Marketing,Executive,B.Tech,4,2022-09-29,76948,Lucknow,Single,6,Yes
1754,Ishani Bahri,Female,49,IT,Assistant,B.Com,10,2018-10-26,143480,Jaipur,Married,9,Yes
1755,Ati Savant,Female,24,Finance,Executive,MCA,9,2018-02-22,116869,Mumbai,Single,9,No
1756,Hritik Chaudry,Male,30,IT,Executive,B.Com,17,2023-04-26,65401,Pune,Married,6,No
1757,Upasna Banik,Female,59,Marketing,Officer,M.Tech,15,2022-06-19,123144,Pune,Married,2,No
1758,Nimrat Vasa,Female,28,Finance,Assistant,B.Tech,7,2025-01-03,106066,Bangalore,Married,9,Yes
1759,Qarin Sankaran,Male,56,Finance,Executive,MCA,8,2022-02-07,68177,Mumbai,Married,3,No
1760,Ayush Roy,Male,60,HR,Analyst,B.Com,12,2019-10-26,111710,Jaipur,Married,1,Yes
1761,Urvi Venkataraman,Female,42,Finance,Manager,M.Tech,15,2017-04-30,70175,Lucknow,Single,6,No
1762,Urvi Bava,Female,51,HR,Manager,MBA,1,2022-08-05,88665,Jaipur,Married,10,No
1763,Siddharth Brahmbhatt,Male,59,Sales,Executive,B.Com,2,2023-07-25,67202,Mumbai,Married,6,No
1764,Yash Solanki,Male,53,IT,Assistant,MCA,1,2022-03-22,85361,Pune,Single,7,Yes
1765,Gagan Ramachandran,Male,39,Finance,Officer,B.Com,17,2019-04-05,138782,Noida,Single,5,Yes
1766,Vedant Kibe,Male,46,HR,Analyst,B.Com,2,2026-07-22,84687,Jaipur,Married,9,No
1767,Rajata Basak,Female,36,IT,Assistant,MBA,6,2024-02-02,120065,Mumbai,Single,9,No
1768,Irya Madan,Female,44,Marketing,Assistant,BBA,12,2024-01-27,142444,Mumbai,Married,4,No
1769,Pooja Savant,Female,25,HR,Assistant,B.Tech,12,2020-04-17,70625,Noida,Single,4,Yes
1770,Rishi Ghosh,Male,32,IT,Manager,MCA,0,2025-12-25,114990,Noida,Single,9,No
1771,Jeevika Mannan,Female,31,HR,Manager,MCA,12,2025-12-24,105002,Delhi,Single,1,No
1772,Sathvik Bansal,Male,43,Sales,Engineer,B.Com,11,2025-11-12,133638,Pune,Single,2,Yes
1773,Zilmil Aggarwal,Female,60,Operations,Engineer,B.Tech,8,2023-06-03,53622,Bangalore,Single,5,Yes
1774,Avni Oza,Female,56,IT,Manager,B.Tech,8,2025-09-15,41992,Noida,Single,1,Yes
1775,Anusha Lad,Female,56,Sales,Officer,MCA,19,2018-03-07,60385,Pune,Married,4,Yes
1776,Libni Baral,Female,54,IT,Assistant,M.Tech,3,2025-03-01,83226,Noida,Single,5,Yes
1777,Anika Deol,Female,44,HR,Analyst,MBA,2,2020-05-20,53376,Mumbai,Single,10,No
1778,Kabir Mann,Male,57,Finance,Engineer,MBA,17,2024-12-24,58778,Delhi,Married,4,No
1779,Vrinda Mohanty,Female,26,HR,Officer,M.Tech,9,2018-08-24,139535,Mumbai,Married,7,Yes
1780,Hemani Patil,Female,49,IT,Engineer,B.Tech,10,2025-11-21,100042,Delhi,Married,10,Yes
1781,Waida Suri,Female,46,Finance,Executive,MBA,5,2024-07-18,83898,Mumbai,Single,4,No
1782,Ekaja Salvi,Female,47,IT,Officer,B.Tech,13,2020-12-05,114502,Mumbai,Single,10,Yes
1783,Turvi Sampath,Female,37,Marketing,Assistant,MCA,13,2020-11-03,27194,Delhi,Single,4,No
1784,Vedika Joshi,Female,27,IT,Executive,B.Tech,7,2023-10-23,89174,Noida,Single,1,No
1785,Aarini Karan,Female,33,Operations,Engineer,MBA,19,2020-01-01,121883,Bangalore,Married,7,Yes
1786,Manya Sekhon,Female,34,Operations,Officer,BBA,6,2025-06-23,105598,Jaipur,Single,5,Yes
1787,Jack Sant,Male,55,Finance,Engineer,BBA,17,2025-09-30,76672,Bangalore,Married,5,No
1788,Dayita Bala,Female,44,Sales,Manager,M.Tech,5,2024-10-31,66743,Bangalore,Married,8,Yes
1789,Hredhaan Ganesh,Male,42,Finance,Manager,MCA,8,2019-05-22,99783,Pune,Married,3,No
1790,Vasudha Zachariah,Female,47,Operations,Analyst,MBA,6,2020-06-24,109511,Bangalore,Single,8,No
1791,Hemal Bera,Female,56,Operations,Analyst,MCA,1,2026-06-05,82085,Lucknow,Single,10,No
1792,Riya Cherian,Female,53,Marketing,Analyst,M.Tech,19,2021-06-23,68150,Mumbai,Married,2,Yes
1793,Pushti Tandon,Female,58,IT,Officer,M.Tech,13,2023-07-19,132710,Bangalore,Single,10,Yes
1794,Prisha Gill,Female,28,Finance,Analyst,MBA,6,2019-11-25,141429,Pune,Married,8,Yes
1795,Kabir Korpal,Male,32,Marketing,Officer,MBA,12,2024-03-11,142584,Jaipur,Married,10,Yes
1796,Warhi Karnik,Female,23,Marketing,Officer,B.Com,14,2019-11-05,88831,Pune,Married,7,No
1797,Urvashi Suresh,Female,49,Sales,Manager,MCA,6,2019-02-14,39902,Noida,Single,1,No
1798,Wriddhish Narayanan,Male,48,Sales,Manager,BBA,3,2022-06-24,108363,Noida,Married,2,Yes
1799,Raksha Chatterjee,Female,53,Operations,Assistant,BBA,19,2019-07-13,136222,Pune,Single,9,Yes
1800,Tamanna Khosla,Female,57,Operations,Analyst,B.Com,14,2019-11-17,88578,Noida,Married,5,No
1801,Hemang Kuruvilla,Male,47,Finance,Executive,B.Tech,20,2018-12-03,120965,Lucknow,Single,1,Yes
1802,Hardik Amble,Male,60,Sales,Assistant,M.Tech,3,2017-01-23,138501,Pune,Married,8,No
1803,Ekiya Karnik,Female,60,Sales,Officer,BBA,0,2020-04-06,74730,Mumbai,Single,5,Yes
1804,Jeremiah Tank,Male,56,Sales,Engineer,MCA,5,2025-11-24,28105,Bangalore,Married,7,Yes
1805,Forum Chhabra,Female,25,IT,Officer,MBA,8,2017-10-28,92789,Delhi,Single,4,Yes
1806,Vyanjana Nori,Female,58,Finance,Engineer,B.Tech,8,2024-10-14,136630,Delhi,Married,10,No
1807,Anita Tak,Female,40,Sales,Officer,M.Tech,12,2018-06-25,96292,Jaipur,Single,3,No
1808,Finn Bava,Male,56,Finance,Executive,BBA,7,2020-04-14,117380,Delhi,Single,4,Yes
1809,Chavvi Raval,Female,30,Sales,Manager,MBA,17,2026-04-16,127260,Lucknow,Married,4,No
1810,Peter Sur,Male,25,Finance,Manager,M.Tech,10,2024-07-22,37287,Noida,Married,1,No
1811,Ucchal Sangha,Female,45,HR,Officer,B.Tech,16,2022-09-08,87570,Bangalore,Married,4,No
1812,Onveer Bava,Male,26,Sales,Engineer,B.Tech,3,2026-05-12,30708,Lucknow,Single,1,No
1813,Lakshit Seshadri,Male,58,Marketing,Assistant,M.Tech,14,2025-06-06,64719,Bangalore,Married,7,Yes
1814,Tara Shankar,Female,53,Sales,Assistant,B.Tech,5,2022-12-27,127549,Noida,Married,7,Yes
1815,Krishna Devi,Female,55,IT,Executive,BBA,2,2020-05-26,130547,Lucknow,Married,1,Yes
1816,Raagini Bali,Female,35,Sales,Executive,MBA,5,2024-06-23,94360,Mumbai,Married,6,Yes
1817,Deepa Pall,Female,59,Finance,Executive,B.Tech,9,2017-10-23,144959,Bangalore,Married,5,No
1818,Eiravati Bhardwaj,Female,56,IT,Engineer,BBA,20,2024-11-21,44799,Jaipur,Married,1,No
1819,Chaitanya Narasimhan,Male,51,Operations,Analyst,MCA,0,2020-03-25,46264,Jaipur,Married,10,Yes
1820,Ijaya Chaudhry,Female,48,Operations,Manager,MCA,4,2025-05-31,103832,Mumbai,Single,6,Yes
1821,Oni Hans,Female,28,Finance,Manager,M.Tech,10,2018-04-20,76425,Lucknow,Married,9,Yes
1822,Aarnav Sundaram,Male,33,Marketing,Manager,MBA,17,2018-10-07,76192,Noida,Married,4,No
1823,Irya Das,Female,49,HR,Officer,MBA,20,2024-12-27,44393,Mumbai,Single,5,Yes
1824,Brinda Devi,Female,57,HR,Manager,MBA,5,2024-11-27,31933,Mumbai,Single,4,No
1825,Udarsh Sankaran,Male,60,HR,Manager,M.Tech,1,2026-04-10,80644,Mumbai,Married,9,No
1826,Jeet Edwin,Male,42,HR,Officer,BBA,11,2025-11-03,93147,Noida,Single,5,No
1827,Darsh Krishnamurthy,Male,34,Sales,Engineer,M.Tech,17,2024-05-27,29344,Pune,Single,5,Yes
1828,Aadhya Anne,Female,29,Finance,Assistant,MCA,7,2020-09-14,98724,Jaipur,Married,1,No
1829,Ganga Kara,Female,58,Operations,Analyst,BBA,2,2026-04-13,103612,Mumbai,Single,8,No
1830,Kritika Datta,Female,26,HR,Analyst,B.Com,19,2017-04-09,113402,Jaipur,Married,8,Yes
1831,Ekalinga Dua,Male,31,HR,Manager,B.Tech,18,2025-08-18,39962,Bangalore,Single,9,Yes
1832,Libni Tak,Female,45,HR,Officer,MBA,19,2020-11-05,69865,Noida,Single,1,No
1833,Rohan Virk,Male,38,Operations,Analyst,MBA,10,2023-01-18,88888,Jaipur,Single,7,No
1834,Vaishnavi Sethi,Female,45,Finance,Engineer,MCA,1,2021-10-23,131777,Pune,Single,4,No
1835,Frado Vig,Male,48,Finance,Assistant,M.Tech,20,2018-02-19,138677,Jaipur,Single,9,No
1836,Yamini Hegde,Female,58,Operations,Assistant,B.Com,13,2016-10-07,86434,Lucknow,Married,4,No
1837,Janaki Chanda,Female,47,Finance,Executive,B.Tech,4,2020-04-03,39409,Lucknow,Married,4,Yes
1838,Abhiram Pal,Male,23,Operations,Executive,M.Tech,18,2025-01-24,27857,Delhi,Married,10,No
1839,Finn Bala,Male,42,IT,Executive,BBA,13,2019-04-05,87076,Mumbai,Single,4,No
1840,Vedant Sahota,Male,45,Operations,Executive,B.Com,4,2021-11-30,63797,Noida,Single,5,Yes
1841,Aadhya Sahni,Female,38,Finance,Assistant,MCA,4,2019-02-23,61422,Noida,Single,2,No
1842,Falguni Narayanan,Female,29,Finance,Officer,M.Tech,13,2018-07-21,75531,Mumbai,Single,4,Yes
1843,Nandini Sandhu,Female,49,Operations,Officer,MBA,5,2019-06-26,86886,Delhi,Married,4,Yes
1844,Ansh Subramaniam,Male,35,HR,Engineer,MBA,0,2017-03-18,87067,Noida,Single,2,No
1845,Daksh Karan,Male,22,Operations,Assistant,MCA,5,2017-04-17,42002,Bangalore,Single,6,Yes
1846,Anya Sachdeva,Female,41,Finance,Officer,B.Tech,2,2025-06-01,68857,Lucknow,Single,2,Yes
1847,Dominic Kari,Male,28,Finance,Analyst,MBA,20,2018-01-18,70561,Mumbai,Single,8,No
1848,Neha Bhakta,Female,38,Operations,Assistant,M.Tech,0,2024-09-17,34266,Noida,Single,10,No
1849,Gayathri Datta,Female,26,HR,Officer,M.Tech,1,2017-10-07,81013,Noida,Married,3,Yes
1850,Tristan Lalla,Male,56,IT,Manager,MBA,18,2018-01-16,143599,Jaipur,Married,1,Yes
1851,Nakul Batta,Male,53,Operations,Officer,M.Tech,3,2022-06-01,29782,Mumbai,Married,5,No
1852,Lavanya Chopra,Female,35,Sales,Engineer,MBA,7,2017-02-25,96140,Mumbai,Single,7,Yes
1853,Sudiksha Om,Female,40,Marketing,Assistant,BBA,13,2017-07-27,53842,Lucknow,Single,4,No
1854,Bahadurjit Sridhar,Male,39,Finance,Officer,BBA,11,2019-07-09,64089,Lucknow,Single,9,Yes
1855,Amara Sarkar,Female,30,IT,Analyst,MBA,18,2025-04-05,25678,Bangalore,Single,5,No
1856,Finn Bandi,Male,39,Marketing,Engineer,B.Tech,6,2020-06-28,69943,Pune,Single,8,No
1857,Ayaan Suresh,Male,30,Operations,Executive,MBA,17,2019-06-07,64995,Lucknow,Married,4,Yes
1858,Ekbal Dar,Male,52,Sales,Engineer,B.Tech,10,2017-07-24,93922,Pune,Married,4,No
1859,Yasti Yohannan,Female,22,HR,Analyst,BBA,19,2019-06-10,149363,Mumbai,Single,3,No
1860,Dalbir Chakraborty,Male,34,Finance,Assistant,MCA,0,2019-10-23,29419,Delhi,Single,9,Yes
1861,Siddharth Chawla,Male,37,Finance,Engineer,MCA,8,2019-11-12,79467,Bangalore,Single,1,No
1862,Divya Chana,Female,55,HR,Assistant,B.Tech,16,2022-07-08,104055,Noida,Single,2,Yes
1863,Adweta Magar,Female,31,Sales,Manager,MBA,1,2016-10-28,71219,Lucknow,Married,1,No
1864,Simon Bhatti,Male,56,Sales,Manager,MCA,17,2021-08-20,57532,Noida,Single,10,No
1865,Ayush Narula,Male,60,Finance,Officer,B.Tech,8,2017-11-03,147216,Pune,Married,10,Yes
1866,Imaran Garg,Male,44,Marketing,Manager,MCA,2,2021-08-26,27355,Noida,Single,9,Yes
1867,Xavier Saha,Male,39,Finance,Assistant,B.Tech,19,2023-08-26,59299,Lucknow,Married,4,No
1868,Eshana Venkataraman,Female,58,Marketing,Engineer,B.Tech,4,2023-05-23,42372,Mumbai,Single,10,Yes
1869,Advika Dutta,Female,47,IT,Executive,BBA,1,2020-01-02,130313,Jaipur,Married,10,Yes
1870,Ishwar Wali,Male,42,IT,Officer,M.Tech,18,2023-07-27,30003,Bangalore,Married,2,Yes
1871,Jack Sethi,Male,55,Marketing,Assistant,B.Com,18,2018-10-19,132619,Delhi,Married,2,No
1872,Hema Natarajan,Female,55,HR,Manager,M.Tech,1,2020-01-13,28470,Bangalore,Married,1,No
1873,Baghyawati Pal,Female,27,Operations,Executive,BBA,0,2021-04-08,59599,Pune,Married,4,No
1874,Edhitha Gole,Female,53,Finance,Executive,MCA,10,2019-01-19,33257,Jaipur,Married,2,No
1875,Ikbal Nanda,Male,23,HR,Assistant,B.Com,4,2021-04-12,149953,Noida,Single,7,No
1876,Ekapad Vasa,Male,25,IT,Analyst,MCA,20,2023-03-08,142392,Bangalore,Single,9,No
1877,Yachana Shanker,Female,44,Sales,Analyst,MCA,19,2025-08-11,142741,Lucknow,Married,1,No
1878,Vasudha Thaker,Female,29,Marketing,Manager,MBA,6,2020-07-02,124247,Noida,Married,2,No
1879,Rudra Saxena,Male,55,IT,Engineer,BBA,18,2024-11-05,68605,Lucknow,Single,6,No
1880,Dhriti Lal,Female,23,Finance,Executive,B.Com,11,2021-09-04,31844,Mumbai,Single,7,Yes
1881,Wriddhish Garg,Male,47,HR,Engineer,BBA,12,2025-12-29,139641,Jaipur,Married,4,No
1882,Adya Krishnan,Female,57,Sales,Engineer,B.Tech,2,2024-04-28,63627,Lucknow,Single,7,No
1883,Hamsini Mane,Female,53,HR,Manager,MCA,11,2026-08-14,149233,Mumbai,Married,6,Yes
1884,Zaitra Kapadia,Female,31,HR,Assistant,MCA,4,2024-06-06,124367,Delhi,Single,6,Yes
1885,Upma Krish,Female,51,Sales,Manager,M.Tech,3,2026-01-04,146364,Jaipur,Married,9,No
1886,Urvashi Salvi,Female,46,Sales,Assistant,MCA,1,2025-02-07,29551,Delhi,Married,10,Yes
1887,Falak Mohan,Female,37,HR,Executive,MCA,8,2023-07-20,31506,Bangalore,Married,9,No
1888,Krish Kannan,Male,38,Sales,Engineer,MCA,7,2020-11-30,111519,Noida,Married,6,No
1889,Siya Sahni,Female,26,Sales,Executive,BBA,9,2025-02-16,99705,Delhi,Single,8,Yes
1890,Vincent Ghose,Male,59,Finance,Assistant,MCA,18,2018-03-05,86873,Noida,Single,1,Yes
1891,Oliver Borde,Male,38,HR,Executive,BBA,8,2019-04-28,74199,Bangalore,Single,4,No
1892,Girish Balasubramanian,Male,36,Operations,Analyst,M.Tech,11,2017-09-06,107737,Mumbai,Married,7,Yes
1893,Azad Sen,Male,57,IT,Analyst,MCA,4,2022-05-30,67144,Jaipur,Married,8,Yes
1894,Vyanjana Sundaram,Female,39,Marketing,Officer,BBA,8,2021-04-17,26761,Noida,Married,7,No
1895,Devansh Ramaswamy,Male,46,Operations,Manager,B.Tech,6,2020-05-30,62506,Jaipur,Single,2,Yes
1896,Anamika Morar,Female,37,Finance,Assistant,MBA,4,2023-06-25,49523,Jaipur,Single,8,Yes
1897,Bahadurjit Singhal,Male,54,Operations,Manager,MBA,7,2021-07-07,88570,Jaipur,Single,7,Yes
1898,Anvi Bera,Female,42,IT,Officer,B.Com,11,2021-09-22,103223,Delhi,Single,3,Yes
1899,Mugdha Sastry,Female,40,Sales,Analyst,M.Tech,5,2026-03-16,58511,Pune,Single,3,No
1900,Damyanti Nagy,Female,58,IT,Assistant,MBA,18,2019-08-17,102234,Jaipur,Single,9,No
1901,Kashvi Brar,Female,57,Sales,Engineer,B.Com,2,2024-02-05,103307,Delhi,Married,4,No
1902,Falak Dubey,Female,22,Sales,Manager,M.Tech,7,2020-03-25,27737,Noida,Married,2,No
1903,Jasmit Rama,Female,57,Marketing,Manager,M.Tech,12,2023-12-24,115690,Bangalore,Married,3,No
1904,Aditya Datta,Male,49,IT,Officer,B.Com,8,2021-05-29,45551,Bangalore,Single,7,No
1905,Dayita Badal,Female,34,HR,Manager,MCA,15,2026-04-02,46703,Lucknow,Married,6,Yes
1906,Rajata Nair,Female,41,Operations,Officer,M.Tech,1,2017-02-03,86904,Bangalore,Married,2,No
1907,Quincy Dhawan,Male,31,Operations,Engineer,M.Tech,7,2018-09-03,106824,Lucknow,Married,5,No
1908,Sanya Anne,Female,28,Operations,Officer,MBA,8,2019-08-09,28115,Mumbai,Single,9,No
1909,Ekavir Atwal,Male,32,Finance,Officer,MCA,6,2019-08-09,33171,Mumbai,Married,8,No
1910,Sai Jha,Female,24,IT,Manager,MCA,0,2024-03-01,73293,Mumbai,Married,2,No
1911,Manan Agate,Male,46,Operations,Assistant,MCA,16,2024-01-14,45483,Pune,Single,1,Yes
1912,Wriddhish Mand,Male,31,Operations,Officer,M.Tech,1,2018-01-26,128882,Pune,Married,9,Yes
1913,Prisha Mittal,Female,25,Finance,Engineer,M.Tech,11,2020-04-27,113584,Noida,Married,2,Yes
1914,Wishi Kota,Female,57,Finance,Analyst,B.Com,19,2018-05-09,101787,Jaipur,Married,10,Yes
1915,Wridesh Som,Male,28,Marketing,Assistant,MCA,6,2018-08-01,49889,Jaipur,Single,1,No
1916,Vinaya Sandal,Female,44,Sales,Executive,B.Tech,13,2022-06-14,133772,Lucknow,Single,8,Yes
1917,Tanmayi Patla,Female,60,Sales,Assistant,B.Tech,13,2022-10-08,42857,Lucknow,Married,1,No
1918,Ijaya Chad,Female,45,Finance,Engineer,M.Tech,0,2018-10-28,28667,Lucknow,Married,2,No
1919,Harita Jaggi,Female,25,HR,Analyst,B.Com,17,2017-10-30,111160,Delhi,Single,9,No
1920,Abeer Kapoor,Male,41,IT,Assistant,MBA,4,2026-03-18,68275,Lucknow,Single,8,No
1921,Omisha Yogi,Female,49,IT,Engineer,MBA,14,2022-04-15,138725,Mumbai,Single,8,No
1922,Indira Raval,Female,24,Marketing,Executive,BBA,12,2026-03-23,109336,Delhi,Married,1,Yes
1923,Chaman Hans,Female,39,Marketing,Assistant,MCA,1,2020-03-19,130541,Noida,Single,4,No
1924,Adya Bhat,Female,27,HR,Executive,MCA,13,2026-06-03,56376,Lucknow,Married,7,No
1925,Krisha Arya,Female,41,Sales,Executive,B.Tech,5,2024-03-29,139237,Noida,Married,7,No
1926,Urvi Anand,Female,33,Operations,Manager,MBA,11,2021-07-16,62796,Pune,Single,10,No
1927,Isha Kaur,Female,52,IT,Officer,B.Tech,12,2020-03-19,135572,Jaipur,Single,2,No
1928,Gauri Krish,Female,44,Operations,Assistant,BBA,12,2021-02-18,88106,Jaipur,Single,7,No
1929,Chaitaly Patel,Female,25,IT,Engineer,B.Com,20,2017-02-01,147874,Lucknow,Single,9,Yes
1930,Udant Hans,Male,31,HR,Manager,M.Tech,11,2022-01-11,95112,Delhi,Married,2,No
1931,Balendra Bal,Male,57,HR,Officer,BBA,14,2023-10-16,136657,Bangalore,Single,5,No
1932,Rohan Wable,Male,59,Operations,Officer,BBA,6,2025-01-27,71866,Jaipur,Married,6,No
1933,Lavanya Loyal,Female,49,HR,Engineer,BBA,9,2022-09-26,99884,Pune,Married,3,Yes
1934,Devika Krishnan,Female,34,Operations,Assistant,MCA,8,2018-07-12,44860,Pune,Married,6,Yes
1935,Nikita Chakraborty,Female,44,HR,Executive,M.Tech,15,2025-02-11,39787,Mumbai,Single,2,No
1936,Aadi Bath,Male,29,HR,Assistant,B.Com,3,2020-09-01,135653,Noida,Married,1,No
1937,Raagini Kala,Female,27,HR,Engineer,M.Tech,11,2023-10-28,138534,Pune,Single,3,Yes
1938,Kabir Loke,Male,27,Operations,Officer,B.Com,15,2019-11-11,66475,Jaipur,Married,5,No
1939,Chaman Oommen,Female,33,Operations,Analyst,MBA,12,2016-10-20,113378,Mumbai,Single,9,No
1940,Vedant Dayal,Male,28,Marketing,Assistant,MCA,12,2018-05-17,84636,Noida,Single,2,Yes
1941,Vivaan Kaur,Male,55,Sales,Engineer,BBA,0,2023-08-07,108715,Lucknow,Single,6,Yes
1942,Girik Narasimhan,Male,44,Sales,Analyst,M.Tech,13,2016-12-30,62671,Pune,Married,2,Yes
1943,Naksh Om,Male,46,Sales,Engineer,MCA,3,2026-04-14,78707,Jaipur,Married,2,Yes
1944,Jagvi Saini,Female,23,Finance,Executive,M.Tech,12,2018-10-03,54945,Noida,Single,6,No
1945,Sudiksha Chand,Female,43,IT,Manager,BBA,10,2020-01-08,106608,Delhi,Married,8,Yes
1946,Nathaniel Pall,Male,46,Finance,Manager,B.Com,15,2024-08-08,48323,Bangalore,Single,7,No
1947,Vrinda Narasimhan,Female,46,Finance,Analyst,BBA,4,2022-06-26,95707,Bangalore,Single,1,Yes
1948,Madhavi Walia,Female,29,Finance,Assistant,MCA,5,2021-03-20,55607,Bangalore,Married,5,Yes
1949,Chasmum Sastry,Female,41,HR,Manager,MBA,16,2022-07-07,66935,Delhi,Married,6,No
1950,Chandresh Lall,Male,44,Finance,Engineer,B.Tech,3,2018-11-22,92546,Bangalore,Married,3,No
1951,Yuvraj Chana,Male,36,Marketing,Analyst,MBA,17,2019-05-25,41754,Pune,Single,10,No
1952,Faris Gill,Male,39,Marketing,Officer,MBA,11,2018-07-03,55031,Lucknow,Single,3,No
1953,Michael Palla,Male,23,IT,Engineer,BBA,11,2020-02-24,25845,Jaipur,Married,9,Yes
1954,Kalpit Naik,Male,57,IT,Officer,B.Tech,14,2017-08-20,47905,Noida,Single,6,No
1955,Jagat Sangha,Male,38,Marketing,Manager,B.Tech,12,2025-09-28,104271,Noida,Single,7,No
1956,Ikbal Mand,Male,40,Sales,Executive,MBA,13,2018-03-02,143127,Mumbai,Single,9,No
1957,Ridhi Bakshi,Female,38,Marketing,Engineer,MBA,12,2019-01-09,75716,Mumbai,Single,2,No
1958,Vanya Rege,Female,24,Finance,Manager,BBA,14,2021-05-03,46868,Mumbai,Married,4,Yes
1959,Meera Zachariah,Female,32,Finance,Manager,MCA,8,2024-02-15,72170,Lucknow,Single,8,No
1960,Jonathan Dugar,Male,59,Finance,Officer,B.Tech,6,2020-12-20,94748,Bangalore,Married,2,Yes
1961,Bhavini Narayanan,Female,57,Finance,Officer,M.Tech,4,2020-10-02,32960,Lucknow,Single,2,Yes
1962,Amaira Vyas,Female,51,Marketing,Officer,B.Com,20,2023-09-29,30048,Mumbai,Single,7,No
1963,Pranit Salvi,Male,51,Operations,Assistant,MBA,16,2017-08-25,59754,Delhi,Married,9,No
1964,Arjun Verma,Male,43,Sales,Engineer,BBA,8,2017-06-15,38322,Bangalore,Married,6,No
1965,Aishani Kibe,Female,28,Finance,Engineer,B.Tech,9,2020-08-25,60836,Bangalore,Single,1,Yes
1966,Finn Barman,Male,28,Finance,Assistant,M.Tech,17,2026-06-07,139924,Mumbai,Married,7,No
1967,Amruta Bail,Female,30,HR,Executive,B.Com,10,2020-03-20,113076,Jaipur,Married,5,No
1968,Oni Saran,Female,58,Marketing,Analyst,B.Com,11,2022-08-15,115000,Mumbai,Married,10,Yes
1969,Riya Ramesh,Female,58,Operations,Assistant,B.Tech,3,2025-06-08,42355,Pune,Married,5,No
1970,Ayushman Das,Male,60,Finance,Assistant,MCA,6,2020-10-25,79202,Pune,Single,6,No
1971,Manbir Raval,Male,55,IT,Assistant,MCA,18,2019-02-07,57306,Mumbai,Married,7,No
1972,Arjun Kumer,Male,55,HR,Officer,BBA,6,2017-08-09,70836,Noida,Married,2,No
1973,Tanvi Rama,Female,22,HR,Assistant,B.Com,2,2020-08-29,46590,Lucknow,Married,9,No
1974,Kevin Mitra,Male,38,Operations,Officer,B.Tech,19,2018-08-16,54169,Noida,Married,5,No
1975,Daksha Varty,Female,48,Marketing,Manager,B.Com,17,2022-07-28,60380,Lucknow,Married,7,No
1976,Balhaar Bhatti,Male,28,IT,Officer,MCA,17,2022-08-26,45865,Bangalore,Single,1,No
1977,Watika Som,Female,37,Finance,Manager,M.Tech,19,2019-01-18,115910,Pune,Married,7,No
1978,Noah Gaba,Male,38,Sales,Assistant,M.Tech,6,2019-05-20,117510,Noida,Single,1,No
1979,Bahadurjit Nigam,Male,49,Operations,Executive,BBA,11,2018-10-30,109392,Mumbai,Single,7,Yes
1980,Samar Nadig,Male,55,HR,Engineer,BBA,13,2023-06-19,32482,Lucknow,Single,7,Yes
1981,Aradhana Kapadia,Female,44,HR,Analyst,MCA,7,2020-02-10,137841,Jaipur,Single,4,Yes
1982,Vyanjana Seth,Female,39,Marketing,Manager,B.Tech,7,2024-07-26,38114,Noida,Married,4,No
1983,Qasim Das,Male,25,Operations,Engineer,BBA,9,2019-09-20,95697,Delhi,Married,2,Yes
1984,Manthan Kaur,Male,46,Sales,Analyst,B.Com,4,2018-03-20,25954,Lucknow,Married,9,Yes
1985,Eta Morar,Female,52,Sales,Officer,B.Com,8,2021-02-15,103776,Delhi,Married,4,No
1986,Nisha Thakkar,Female,53,Sales,Manager,BBA,10,2024-06-07,64829,Pune,Single,10,Yes
1987,Xavier Toor,Male,31,Operations,Executive,MBA,15,2025-10-08,93507,Delhi,Married,10,No
1988,Veer Shan,Male,49,Operations,Engineer,MCA,17,2023-07-09,122857,Pune,Married,6,No
1989,Gauri Badami,Female,46,Finance,Engineer,B.Com,7,2018-07-30,74848,Bangalore,Single,5,Yes
1990,Aditya Parmar,Male,34,Operations,Manager,B.Com,0,2020-03-26,63281,Delhi,Single,9,Yes
1991,Warjas Bajwa,Male,55,Sales,Analyst,MBA,19,2026-03-23,70346,Lucknow,Married,6,Yes
1992,Hemang Sethi,Male,33,Operations,Executive,B.Com,9,2023-11-18,115109,Noida,Married,9,Yes
1993,Hitesh Rana,Male,22,HR,Assistant,BBA,13,2025-04-09,64804,Bangalore,Single,3,No
1994,Jack Roy,Male,28,Operations,Executive,B.Com,17,2021-12-01,119512,Pune,Married,9,No
1995,Deepa Madan,Female,41,Operations,Analyst,B.Com,6,2017-01-10,81676,Bangalore,Married,2,No
1996,Girik Doshi,Male,55,IT,Engineer,BBA,6,2020-02-05,42400,Pune,Married,9,No
1997,Nakul Sarkar,Male,58,HR,Analyst,M.Tech,2,2023-06-17,25072,Jaipur,Married,2,No
1998,Reva Chatterjee,Female,25,HR,Analyst,MBA,4,2025-09-15,136994,Jaipur,Married,4,No
1999,Samuel Bawa,Male,52,IT,Officer,MBA,2,2025-12-28,132424,Pune,Single,1,Yes
2000,Joshua Ramesh,Male,39,IT,Engineer,MBA,20,2022-07-08,60479,Jaipur,Single,10,Yes
